{"type":"FeatureCollection","features":[{"type":"Feature","id":"AK","properties":{"abbr":"AK","name":"Alaska","fips":"02"},"geometry":{"type":"MultiPolygon","coordinates":[[[[-150.24276,61.13748],[-150.22122,61.17013],[-150.15661,61.16068],[-150.2284,61.12374],[-150.24276,61.13748]]],[[[-150.77397,59.3326],[-150.66988,59.40991],[-150.61604,59.39531],[-150.61963,59.35579],[-150.72013,59.29222],[-150.77397,59.30854],[-150.77397,59.3326]]],[[[-151.52772,59.1479],[-151.4344,59.13587],[-151.44517,59.10495],[-151.52772,59.1479]]],[[[-151.71796,59.13244],[-151.63899,59.11783],[-151.66412,59.08948],[-151.71437,59.10151],[-151.71796,59.13244]]],[[[-151.86153,59.16594],[-151.78974,59.16422],[-151.80769,59.13501],[-151.86153,59.16594]]],[[[-151.89024,58.21926],[-151.86153,58.25791],[-151.78974,58.24675],[-151.81846,58.18404],[-151.87229,58.16943],[-151.89024,58.21926]]],[[[-152.0733,58.92454],[-152.03022,58.9486],[-151.95485,58.91424],[-152.0733,58.91252],[-152.0733,58.92454]]],[[[-152.08406,60.34629],[-151.97997,60.41415],[-151.95126,60.51037],[-151.83999,60.48546],[-151.94049,60.43048],[-151.9728,60.38838],[-151.95485,60.36776],[-152.08406,60.34629]]],[[[-152.35685,58.91509],[-152.3066,58.96234],[-152.24199,58.93829],[-152.15944,58.93485],[-152.27789,58.9065],[-152.35685,58.91509]]],[[[-152.6404,60.16503],[-152.57939,60.17018],[-152.56144,60.09458],[-152.6404,60.16503]]],[[[-153.41928,58.06377],[-153.31519,58.14022],[-153.26135,58.14538],[-153.16803,58.08868],[-153.15008,58.10586],[-153.22546,58.1617],[-153.20392,58.20809],[-153.17162,58.21668],[-153.07471,58.1952],[-152.99933,58.21152],[-153.10342,58.25791],[-153.04599,58.30602],[-152.9419,58.27939],[-152.88807,58.28283],[-152.93832,58.33093],[-152.89524,58.34554],[-152.82346,58.32836],[-152.77321,58.36701],[-152.83782,58.37217],[-152.88448,58.40052],[-152.81269,58.4031],[-152.73373,58.46065],[-152.61169,58.47612],[-152.65476,58.50618],[-152.66553,58.5646],[-152.56862,58.6213],[-152.54349,58.59467],[-152.35326,58.63848],[-152.32814,58.63246],[-152.37121,58.5311],[-152.41787,58.51563],[-152.51119,58.42715],[-152.49324,58.35499],[-152.36403,58.36444],[-152.35685,58.42371],[-152.27789,58.41598],[-152.20251,58.35499],[-152.13072,58.39622],[-152.08765,58.36787],[-152.14867,58.26736],[-152.11637,58.24846],[-152.08406,58.31032],[-151.98715,58.35069],[-151.96203,58.32922],[-151.9728,58.23042],[-152.08047,58.15397],[-152.19533,58.17373],[-152.23481,58.24331],[-152.31019,58.22097],[-152.26353,58.13593],[-152.34249,58.11875],[-152.48247,58.12991],[-152.5399,58.08353],[-152.56862,58.11445],[-152.56144,58.17802],[-152.59733,58.17974],[-152.62964,58.08181],[-152.65835,58.06119],[-152.76962,58.04659],[-152.76244,58.0148],[-152.81987,57.9959],[-152.98139,57.98473],[-153.29007,58.05002],[-153.36544,58.03885],[-153.41928,58.06377]]],[[[-153.55926,59.39101],[-153.4121,59.41507],[-153.34749,59.37813],[-153.36544,59.33689],[-153.4121,59.32315],[-153.51619,59.32057],[-153.57362,59.37126],[-153.55926,59.39101]]],[[[-154.15868,56.69185],[-154.04741,56.73051],[-154.01869,56.68927],[-154.1515,56.68154],[-154.15868,56.69185]]],[[[-154.36326,56.54237],[-154.29148,56.59563],[-154.22328,56.61281],[-154.1838,56.60337],[-154.09407,56.61797],[-154.07612,56.58361],[-154.00792,56.55182],[-153.87871,56.56557],[-153.88589,56.53378],[-153.95409,56.50715],[-154.11919,56.502],[-154.23405,56.49083],[-154.34891,56.5123],[-154.36326,56.54237]]],[[[-154.77962,57.36621],[-154.70784,57.38081],[-154.69348,57.4461],[-154.62887,57.51053],[-154.53914,57.53974],[-154.52119,57.57754],[-154.46735,57.57067],[-154.34532,57.6308],[-154.22687,57.66173],[-154.08689,57.64884],[-153.9828,57.6497],[-153.9828,57.55349],[-153.88948,57.50452],[-153.87512,57.54318],[-153.8141,57.58871],[-153.87871,57.62994],[-153.85717,57.65142],[-153.66694,57.63939],[-153.67771,57.66946],[-153.86435,57.70726],[-153.93255,57.70382],[-153.93614,57.81292],[-153.82487,57.86532],[-153.72078,57.89024],[-153.649,57.87993],[-153.57003,57.83182],[-153.5485,57.71757],[-153.49466,57.72873],[-153.46235,57.79488],[-153.4803,57.84213],[-153.35467,57.80948],[-153.32955,57.84986],[-153.46235,57.88079],[-153.53773,57.93061],[-153.5126,57.96841],[-153.45158,57.96326],[-153.26853,57.88852],[-153.23623,57.89195],[-153.12855,57.85673],[-153.08907,57.86532],[-153.20033,57.92975],[-153.27212,57.95896],[-153.29724,57.99676],[-153.23623,57.99676],[-153.12855,57.94693],[-153.02446,57.95724],[-152.8773,57.93233],[-152.85217,57.97442],[-152.72296,57.98731],[-152.75167,57.93319],[-152.89165,57.84213],[-152.91678,57.77083],[-152.84858,57.7399],[-152.84858,57.82151],[-152.79115,57.85845],[-152.73373,57.81636],[-152.71578,57.85587],[-152.65476,57.88336],[-152.63681,57.91859],[-152.58656,57.92718],[-152.55067,57.90055],[-152.47171,57.9624],[-152.41069,57.96927],[-152.42505,57.93061],[-152.32455,57.91687],[-152.36403,57.88422],[-152.40351,57.9014],[-152.46812,57.88852],[-152.39992,57.85759],[-152.41787,57.8155],[-152.34967,57.8344],[-152.31019,57.79059],[-152.21328,57.79144],[-152.29942,57.74591],[-152.35685,57.77426],[-152.44299,57.77598],[-152.49683,57.73475],[-152.4394,57.72702],[-152.46812,57.68149],[-152.3748,57.67461],[-152.46812,57.59816],[-152.38556,57.61276],[-152.3389,57.65314],[-152.32096,57.62307],[-152.15226,57.61963],[-152.16303,57.58441],[-152.29224,57.5174],[-152.3389,57.42291],[-152.4753,57.43408],[-152.48247,57.46758],[-152.51837,57.43236],[-152.60092,57.46844],[-152.66194,57.46328],[-152.74449,57.50538],[-152.79833,57.49421],[-152.88448,57.51053],[-152.91319,57.47102],[-152.81628,57.47187],[-152.76244,57.45727],[-152.60092,57.38253],[-152.62964,57.3224],[-152.71219,57.27773],[-152.75167,57.30865],[-152.81987,57.2657],[-152.88807,57.29147],[-152.9096,57.32412],[-152.98498,57.33958],[-153.05676,57.32927],[-153.11778,57.29749],[-153.01369,57.2992],[-152.9419,57.25711],[-153.0783,57.21158],[-153.20033,57.22189],[-153.21469,57.20471],[-153.12496,57.1755],[-153.07471,57.18667],[-152.94908,57.18753],[-152.87012,57.15059],[-152.9096,57.12653],[-152.99574,57.11966],[-153.11778,57.09131],[-153.14649,57.10076],[-153.21469,57.07585],[-153.20392,57.03375],[-153.30083,56.9908],[-153.34749,57.00798],[-153.32237,57.03719],[-153.40492,57.08014],[-153.3798,57.12052],[-153.28289,57.17378],[-153.3116,57.1944],[-153.36544,57.17636],[-153.48748,57.08616],[-153.49825,57.06554],[-153.57721,57.09303],[-153.65617,57.08444],[-153.67412,57.05437],[-153.5808,57.04922],[-153.54491,56.9951],[-153.60233,56.94269],[-153.69207,56.92551],[-153.68848,56.86538],[-153.77821,56.83016],[-153.82128,56.84132],[-153.90384,56.77088],[-153.97203,56.74511],[-154.03664,56.76315],[-154.14791,56.74597],[-154.06894,56.84562],[-154.02946,56.85507],[-153.93614,56.91606],[-153.85,56.94269],[-153.85717,56.97448],[-153.97562,56.95472],[-153.96485,56.99939],[-153.88589,57.08702],[-153.7818,57.13169],[-153.80692,57.15746],[-153.86076,57.1188],[-153.9828,57.0664],[-154.07612,56.97018],[-154.16226,56.9195],[-154.21251,56.91005],[-154.23046,56.87225],[-154.29866,56.84648],[-154.31301,56.91864],[-154.40634,56.96847],[-154.52478,56.99166],[-154.51402,57.07757],[-154.52837,57.16863],[-154.57503,57.23993],[-154.61452,57.26742],[-154.69707,57.2846],[-154.79398,57.28889],[-154.74373,57.31467],[-154.79757,57.34645],[-154.77962,57.36621]]],[[[-154.80475,56.43413],[-154.70784,56.5209],[-154.52478,56.60422],[-154.44941,56.60079],[-154.39198,56.5544],[-154.43505,56.53464],[-154.63246,56.47193],[-154.73655,56.40406],[-154.80475,56.43413]]],[[[-155.74873,55.82592],[-155.65541,55.86114],[-155.63746,55.89378],[-155.5908,55.91268],[-155.56209,55.88519],[-155.58362,55.84825],[-155.56568,55.78984],[-155.5908,55.76149],[-155.72002,55.77265],[-155.74873,55.82592]]],[[[-156.75015,56.03724],[-156.7322,56.07762],[-156.68195,56.0991],[-156.63529,56.04841],[-156.68195,55.99429],[-156.75015,56.03724]]],[[[-156.80398,56.19703],[-156.77168,56.2271],[-156.76091,56.15665],[-156.79681,56.1558],[-156.80398,56.19703]]],[[[-157.32443,56.54065],[-157.24906,56.58189],[-157.07677,56.57931],[-156.98704,56.53292],[-157.11266,56.55268],[-157.17009,56.53035],[-157.32443,56.52519],[-157.32443,56.54065]]],[[[-157.90231,56.34822],[-157.83411,56.3697],[-157.79463,56.32073],[-157.82693,56.31128],[-157.90231,56.34822]]],[[[-158.89654,55.82592],[-158.86783,55.8809],[-158.79963,55.8912],[-158.70272,55.84138],[-158.73144,55.82592],[-158.80681,55.8577],[-158.89654,55.82592]]],[[[-159.1442,55.8766],[-159.08678,55.83451],[-159.18369,55.84482],[-159.1442,55.8766]]],[[[-159.32008,54.89727],[-159.32367,54.9282],[-159.27701,54.94882],[-159.20522,54.92734],[-159.23753,54.87666],[-159.30572,54.86377],[-159.32008,54.89727]]],[[[-159.38469,55.74946],[-159.35597,55.80702],[-159.32008,55.81561],[-159.2806,55.76235],[-159.38469,55.74946]]],[[[-159.46006,54.94882],[-159.41699,55.02184],[-159.45647,55.06135],[-159.34521,55.05963],[-159.33085,54.97459],[-159.42776,54.94194],[-159.46006,54.94882]]],[[[-159.60363,54.81394],[-159.56774,54.82511],[-159.51031,54.78903],[-159.5139,54.75982],[-159.59646,54.75639],[-159.60363,54.81394]]],[[[-159.66106,55.19021],[-159.60004,55.17217],[-159.5821,55.21427],[-159.52108,55.25378],[-159.50313,55.23488],[-159.53185,55.18506],[-159.49954,55.17389],[-159.49596,55.13609],[-159.53185,55.08369],[-159.48519,55.05792],[-159.51031,55.04159],[-159.57133,55.06049],[-159.57851,55.04245],[-159.6503,55.04933],[-159.66106,55.19021]]],[[[-159.81899,54.82082],[-159.74362,54.84229],[-159.70413,54.81652],[-159.77592,54.79419],[-159.81899,54.82082]]],[[[-159.84771,55.05534],[-159.8154,55.08884],[-159.73285,55.12406],[-159.7149,55.09314],[-159.79746,55.06049],[-159.82976,55.01067],[-159.84771,55.05534]]],[[[-160.11331,55.33367],[-160.06306,55.34312],[-160.04512,55.30704],[-160.11331,55.33367]]],[[[-160.24971,54.92992],[-160.13126,55.0141],[-160.07742,55.0373],[-160.09537,55.05276],[-160.17433,55.05276],[-160.18869,55.11805],[-160.10972,55.161],[-160.01281,55.12321],[-160.0164,55.15585],[-160.06306,55.20052],[-159.95539,55.18935],[-159.89078,55.28729],[-159.84771,55.26753],[-159.85488,55.23059],[-159.88719,55.22887],[-159.90513,55.16444],[-159.86206,55.14898],[-159.86206,55.17733],[-159.8154,55.17819],[-159.82976,55.12664],[-159.86924,55.09486],[-159.94821,55.10517],[-159.9518,55.06651],[-160.0523,55.00551],[-160.1169,54.9849],[-160.22817,54.86377],[-160.24971,54.92992]]],[[[-160.3179,58.69432],[-160.29996,58.72954],[-160.24971,58.65824],[-160.27483,58.63676],[-160.3179,58.69432]]],[[[-160.34662,55.42645],[-160.26765,55.46253],[-160.13844,55.45051],[-160.14203,55.3835],[-160.32149,55.39381],[-160.34662,55.42645]]],[[[-160.43635,58.68401],[-160.40764,58.75016],[-160.38969,58.70119],[-160.43635,58.68401]]],[[[-160.8563,55.31821],[-160.79887,55.38178],[-160.70914,55.40326],[-160.64453,55.3835],[-160.65171,55.34398],[-160.61582,55.34828],[-160.57274,55.38865],[-160.5189,55.36116],[-160.42558,55.33883],[-160.33226,55.36031],[-160.30714,55.30361],[-160.33944,55.25206],[-160.38969,55.28643],[-160.46865,55.289],[-160.5189,55.30876],[-160.52967,55.34312],[-160.56556,55.33282],[-160.56556,55.27354],[-160.52608,55.25636],[-160.4866,55.18162],[-160.52608,55.13008],[-160.6553,55.16014],[-160.69119,55.21083],[-160.7558,55.19537],[-160.8204,55.11805],[-160.80605,55.16788],[-160.84194,55.20482],[-160.84194,55.29416],[-160.8563,55.31821]]],[[[-161.08242,58.58951],[-161.0573,58.70205],[-160.91732,58.74672],[-160.84194,58.75187],[-160.70196,58.81716],[-160.68401,58.81544],[-160.88142,58.58092],[-160.96039,58.55343],[-161.07524,58.54999],[-161.08242,58.58951]]],[[[-161.427,55.21684],[-161.33008,55.21942],[-161.34444,55.15843],[-161.43776,55.1988],[-161.427,55.21684]]],[[[-161.6926,55.2177],[-161.65671,55.24433],[-161.5275,55.25121],[-161.5598,55.20739],[-161.6926,55.1988],[-161.6926,55.2177]]],[[[-161.90437,55.11719],[-161.89001,55.161],[-161.829,55.17819],[-161.73926,55.16186],[-161.69619,55.13695],[-161.57057,55.10087],[-161.54903,55.06565],[-161.65671,55.10345],[-161.73926,55.05448],[-161.83976,55.11805],[-161.87925,55.08541],[-161.90437,55.11719]]],[[[-162.43559,54.92906],[-162.32791,54.98576],[-162.23459,54.96256],[-162.23459,54.89126],[-162.27407,54.84573],[-162.32073,54.82769],[-162.41764,54.87751],[-162.43559,54.92906]]],[[[-162.68325,63.58408],[-162.61505,63.62188],[-162.53968,63.63563],[-162.45353,63.62102],[-162.37457,63.62618],[-162.34227,63.59439],[-162.34585,63.55144],[-162.61505,63.54027],[-162.67966,63.55659],[-162.68325,63.58408]]],[[[-162.834,54.45056],[-162.83041,54.49437],[-162.58634,54.44798],[-162.51814,54.41448],[-162.42482,54.41448],[-162.36021,54.39043],[-162.432,54.37067],[-162.46789,54.34232],[-162.54686,54.37668],[-162.60787,54.36895],[-162.71914,54.40074],[-162.78375,54.37582],[-162.86271,54.42479],[-162.834,54.45056]]],[[[-163.17139,55.42903],[-163.12114,55.42817],[-163.13909,55.39553],[-163.17139,55.42903]]],[[[-164.86554,54.20659],[-164.82247,54.22549],[-164.76504,54.21002],[-164.84041,54.17824],[-164.86554,54.20659]]],[[[-165.22088,54.10178],[-165.14191,54.13099],[-165.02347,54.12154],[-164.93733,54.137],[-164.91938,54.11639],[-164.95168,54.07773],[-165.045,54.06656],[-165.2137,54.08976],[-165.22088,54.10178]]],[[[-165.4829,54.07515],[-165.26754,54.09577],[-165.23524,54.0657],[-165.28908,54.03821],[-165.33574,54.07],[-165.45777,54.06656],[-165.4829,54.07515]]],[[[-165.57622,54.04165],[-165.5152,54.06656],[-165.49008,54.03564],[-165.55468,54.02361],[-165.57622,54.04165]]],[[[-165.6839,54.24954],[-165.63724,54.29765],[-165.58699,54.28476],[-165.52238,54.30023],[-165.47931,54.28219],[-165.55827,54.25384],[-165.51161,54.2126],[-165.40393,54.2126],[-165.40034,54.17738],[-165.4829,54.17996],[-165.54751,54.11209],[-165.63006,54.13271],[-165.63724,54.19972],[-165.57981,54.22978],[-165.61211,54.24696],[-165.66954,54.22892],[-165.6839,54.24954]]],[[[-166.10026,54.14388],[-166.08231,54.1748],[-165.98181,54.22119],[-165.87413,54.21604],[-165.86336,54.16621],[-165.79158,54.17137],[-165.74133,54.15848],[-165.71261,54.12068],[-165.66595,54.13185],[-165.67313,54.09663],[-165.76645,54.0657],[-165.80952,54.07515],[-165.87413,54.03649],[-165.89567,54.06055],[-165.9854,54.06141],[-166.04642,54.04423],[-166.11102,54.1224],[-166.10026,54.14388]]],[[[-166.19717,53.98495],[-166.17204,53.99784],[-166.07513,53.96949],[-166.18999,53.96004],[-166.19717,53.98495]]],[[[-167.44265,60.2097],[-167.31703,60.23117],[-167.11244,60.23117],[-167.03347,60.21399],[-166.95092,60.22258],[-166.91862,60.20197],[-166.84324,60.21056],[-166.80735,60.23633],[-166.83606,60.26897],[-166.71403,60.32739],[-166.58122,60.31794],[-166.58122,60.34972],[-166.49149,60.38924],[-166.37304,60.35488],[-166.2869,60.38237],[-166.20435,60.3901],[-166.15051,60.43649],[-166.08231,60.32309],[-165.9854,60.3145],[-165.88131,60.34371],[-165.77722,60.32653],[-165.68031,60.29217],[-165.72338,60.23633],[-165.6839,60.19853],[-165.72338,60.16417],[-165.67672,60.15472],[-165.66236,60.09888],[-165.70902,60.06623],[-165.63365,60.01985],[-165.62647,59.97002],[-165.55109,59.97861],[-165.59058,59.9494],[-165.5834,59.90817],[-165.83824,59.89013],[-165.85977,59.86092],[-165.93156,59.87724],[-166.02488,59.86178],[-166.12538,59.81195],[-166.09667,59.75697],[-166.18999,59.7501],[-166.27254,59.81109],[-166.40894,59.85147],[-166.61353,59.84803],[-166.66378,59.8781],[-166.76428,59.89356],[-166.86119,59.94339],[-166.98681,59.97947],[-167.13038,59.99579],[-167.24524,60.05764],[-167.33497,60.06623],[-167.34215,60.12637],[-167.44265,60.2097]]],[[[-167.85183,53.31574],[-167.79081,53.3355],[-167.71185,53.38103],[-167.62212,53.38533],[-167.48931,53.41969],[-167.45701,53.44288],[-167.35651,53.42484],[-167.30626,53.44117],[-167.27754,53.47897],[-167.19858,53.46264],[-167.18781,53.5245],[-167.10167,53.51505],[-167.16269,53.60611],[-167.0909,53.6336],[-167.06219,53.61985],[-167.00835,53.63531],[-167.07296,53.66538],[-167.0586,53.69888],[-166.99758,53.71864],[-166.89349,53.71778],[-166.86119,53.65937],[-166.80735,53.66538],[-166.83247,53.70833],[-166.78581,53.73496],[-166.97604,53.77534],[-167.02629,53.7573],[-167.14115,53.82688],[-167.14115,53.8664],[-167.02988,53.94543],[-166.87913,53.98839],[-166.74992,54.01588],[-166.72838,54.00299],[-166.64583,54.01416],[-166.5884,53.96004],[-166.64583,53.92396],[-166.6207,53.89389],[-166.55969,53.87843],[-166.50944,53.92396],[-166.4879,53.89561],[-166.43406,53.92052],[-166.43765,53.95574],[-166.37304,54.00986],[-166.3192,53.96004],[-166.27972,53.98237],[-166.20794,53.92911],[-166.23665,53.88101],[-166.3192,53.86984],[-166.40535,53.8097],[-166.54892,53.74957],[-166.54174,53.71607],[-166.4197,53.76245],[-166.21152,53.81743],[-166.19717,53.83633],[-166.1182,53.85523],[-166.09308,53.83891],[-166.11102,53.77706],[-166.16845,53.73325],[-166.26177,53.70404],[-166.28331,53.68428],[-166.44483,53.64047],[-166.55251,53.62329],[-166.50944,53.58377],[-166.56686,53.58291],[-166.58122,53.53051],[-166.63865,53.54511],[-166.66378,53.48498],[-166.73556,53.50645],[-166.74992,53.44117],[-166.87913,53.43],[-166.9581,53.45577],[-166.99399,53.42914],[-167.03706,53.4489],[-167.11244,53.41711],[-167.13397,53.42656],[-167.2919,53.36385],[-167.30267,53.33722],[-167.38522,53.34066],[-167.44265,53.3209],[-167.48931,53.26935],[-167.58981,53.28911],[-167.62212,53.25046],[-167.79799,53.28482],[-167.85183,53.31574]]],[[[-168.12821,65.65614],[-168.10308,65.68534],[-167.98105,65.7283],[-167.53956,65.82108],[-167.31344,65.88465],[-167.14115,65.94822],[-166.97963,65.99632],[-166.82888,66.0513],[-166.52738,66.1415],[-166.32997,66.18961],[-165.80593,66.33308],[-165.18858,66.46537],[-164.7112,66.54269],[-164.39893,66.58134],[-163.91438,66.59423],[-163.72773,66.58478],[-163.6057,66.55815],[-163.75286,66.5487],[-163.72773,66.51605],[-163.76363,66.45506],[-163.87489,66.38891],[-163.8713,66.32878],[-163.82823,66.28067],[-163.90361,66.22999],[-164.07948,66.20164],[-164.09384,66.18446],[-163.91797,66.19047],[-163.76722,66.06075],[-163.62364,66.05818],[-163.49443,66.08567],[-163.34368,66.08481],[-163.1678,66.05904],[-162.99911,66.07708],[-162.75145,66.08996],[-162.63659,66.04014],[-162.45712,66.05818],[-162.39252,66.02897],[-162.20587,66.05646],[-162.14127,66.07879],[-161.83976,66.02295],[-161.77516,66.07364],[-161.68184,66.11144],[-161.54903,66.2403],[-161.48442,66.26263],[-161.34085,66.2549],[-161.31214,66.2214],[-161.19728,66.21109],[-161.08601,66.23428],[-160.99269,66.23428],[-161.10755,66.32878],[-161.36239,66.37603],[-161.52391,66.39665],[-161.69619,66.39579],[-161.91155,66.34424],[-161.86489,66.44046],[-161.87566,66.51176],[-162.09819,66.60969],[-162.17716,66.68787],[-162.27048,66.71793],[-162.48225,66.72996],[-162.51096,66.77807],[-162.62582,66.85538],[-162.60069,66.89834],[-162.50378,66.9138],[-162.46789,66.95074],[-162.41046,66.91895],[-162.32432,66.94301],[-162.22741,66.86655],[-162.09819,66.78838],[-162.01205,66.77979],[-162.08025,66.69302],[-162.06948,66.64577],[-161.96898,66.60282],[-161.76439,66.49716],[-161.57416,66.43874],[-161.43417,66.4542],[-161.3265,66.47826],[-161.29419,66.52035],[-161.45571,66.52207],[-161.4916,66.56073],[-161.6926,66.62086],[-161.88284,66.71707],[-161.84694,66.76175],[-161.84694,66.81329],[-161.79669,66.83305],[-161.7931,66.88201],[-161.67466,66.96191],[-161.56698,66.93442],[-161.48801,66.93699],[-161.48442,66.96105],[-161.62082,67.0083],[-161.71055,67.00142],[-161.81105,67.05039],[-162.12332,67.02548],[-162.23818,66.99369],[-162.36021,66.99369],[-162.50019,66.97737],[-162.62223,66.99197],[-162.69402,67.02891],[-162.75503,67.01517],[-162.83041,67.03493],[-162.84477,66.99111],[-162.97398,67.02462],[-163.30061,67.0607],[-163.49443,67.08733],[-163.66672,67.10022],[-163.74568,67.12599],[-163.74209,67.21018],[-163.82105,67.3502],[-164.0077,67.53576],[-164.07948,67.58558],[-164.2087,67.63885],[-164.53532,67.72561],[-165.05577,67.92148],[-165.13115,67.94209],[-165.3142,68.01683],[-165.49367,68.05893],[-165.68749,68.09071],[-165.87054,68.11047],[-165.97463,68.14054],[-166.04283,68.20067],[-166.23665,68.27283],[-166.39817,68.30719],[-166.6889,68.34242],[-166.83965,68.33726],[-166.70685,68.37162],[-166.37663,68.42231],[-166.30485,68.46183],[-166.29408,68.51079],[-166.22588,68.57608],[-166.1864,68.77882],[-166.21511,68.87933],[-165.57263,68.8527],[-165.32856,68.85785],[-164.8117,68.89393],[-164.52815,68.91799],[-164.25177,68.93087],[-163.97539,68.98499],[-163.82823,69.04083],[-163.72414,69.0666],[-163.53391,69.14134],[-163.24318,69.30628],[-163.1678,69.38531],[-163.14268,69.45318],[-163.14986,69.61297],[-163.00987,69.81313],[-162.70837,69.97033],[-162.47507,70.12411],[-162.34227,70.19025],[-161.87925,70.32942],[-161.53467,70.29935],[-161.28701,70.29678],[-161.04294,70.33114],[-160.81323,70.37667],[-160.47942,70.46601],[-160.21381,70.55879],[-160.05589,70.63267],[-159.64671,70.79417],[-159.52826,70.8208],[-159.17292,70.87492],[-159.14779,70.83455],[-158.95038,70.79675],[-158.65606,70.78644],[-158.41199,70.79933],[-158.36533,70.81994],[-158.25047,70.81737],[-158.03152,70.83197],[-157.7695,70.87578],[-157.5039,70.9488],[-157.24906,71.05275],[-157.11984,71.12835],[-156.81116,71.28727],[-156.56709,71.35256],[-156.52402,71.29414],[-156.35532,71.2615],[-156.21534,71.25978],[-156.07536,71.2426],[-156.01793,71.17216],[-155.92102,71.20738],[-155.56568,71.16529],[-155.51184,71.0811],[-155.70566,71.0201],[-155.83129,70.96598],[-155.97845,70.96255],[-155.93538,70.83713],[-155.64464,70.82424],[-155.48671,70.87492],[-155.51184,70.94021],[-155.45441,70.94708],[-155.34314,71.00464],[-155.26059,71.01495],[-155.19239,70.97372],[-155.17803,71.02784],[-155.27495,71.06478],[-155.14932,71.11202],[-155.07395,71.07165],[-155.08471,71.12749],[-155.03087,71.14639],[-154.77603,71.08282],[-154.61452,71.02612],[-154.56785,70.99004],[-154.60734,70.96169],[-154.60375,70.86805],[-154.57144,70.82596],[-154.3525,70.83455],[-154.22687,70.80276],[-154.16944,70.7684],[-153.99716,70.82166],[-153.88948,70.88609],[-153.48748,70.88609],[-153.23982,70.92217],[-153.04958,70.91272],[-152.90601,70.88351],[-152.60451,70.8818],[-152.38556,70.85431],[-152.22405,70.82424],[-152.19174,70.79503],[-152.28506,70.78558],[-152.37839,70.71428],[-152.47171,70.68851],[-152.42146,70.60862],[-152.33172,70.61291],[-152.26353,70.59229],[-152.10201,70.58714],[-152.06612,70.56309],[-151.81846,70.5459],[-151.70001,70.55364],[-151.76103,70.5167],[-151.72872,70.49522],[-151.91896,70.47288],[-151.94767,70.45227],[-151.87588,70.43079],[-151.55644,70.43594],[-151.29801,70.40072],[-151.24776,70.37237],[-151.14726,70.37667],[-150.98933,70.45055],[-150.78474,70.46343],[-150.6986,70.44797],[-150.6627,70.47718],[-150.51913,70.48319],[-150.41504,70.46],[-150.3612,70.40931],[-150.21045,70.43251],[-150.07406,70.43938],[-149.86588,70.51068],[-149.81922,70.49178],[-149.6577,70.50896],[-149.58233,70.49608],[-149.46029,70.51841],[-149.41722,70.49264],[-149.18032,70.48577],[-148.95779,70.42392],[-148.85729,70.42306],[-148.78909,70.40244],[-148.69577,70.42907],[-148.60963,70.4222],[-148.47682,70.35949],[-148.47682,70.32083],[-148.3512,70.30451],[-148.20404,70.34832],[-148.20045,70.2942],[-148.10713,70.34317],[-147.81639,70.27702],[-147.76614,70.21946],[-147.68,70.1997],[-147.50412,70.20056],[-147.34978,70.18768],[-147.24569,70.2186],[-147.16314,70.15589],[-146.99086,70.1473],[-146.88677,70.18596],[-146.73243,70.17565],[-146.50989,70.18596],[-146.273,70.17737],[-146.09712,70.14472],[-145.91766,70.14215],[-145.85664,70.1662],[-145.62333,70.08459],[-145.52283,70.07772],[-145.40798,70.03133],[-145.24646,70.01758],[-145.17467,69.99181],[-145.01315,69.9815],[-144.95214,69.95917],[-144.85523,69.98666],[-144.61833,69.96947],[-144.45681,70.03562],[-144.28453,70.04078],[-144.25222,70.05796],[-143.95072,70.10005],[-143.88612,70.12067],[-143.57744,70.14644],[-143.42669,70.12496],[-143.2544,70.15245],[-143.2221,70.13699],[-142.93854,70.07428],[-142.74831,70.04249],[-142.49706,69.97377],[-142.40374,69.91621],[-142.27093,69.90676],[-141.95866,69.82343],[-141.71459,69.78907],[-141.52795,69.73581],[-141.43104,69.69543],[-141.21209,69.68427],[-141.00391,69.64561],[-141.00391,61.90376],[-140.99673,61.06962],[-141.00032,60.30591],[-140.53372,60.2243],[-140.4727,60.31021],[-139.98814,60.18564],[-139.69741,60.34027],[-139.08723,60.35746],[-139.08364,60.32395],[-139.20209,60.09029],[-139.03339,59.99407],[-138.7965,59.92879],[-138.70318,59.90989],[-138.66369,59.81023],[-138.5596,59.74151],[-137.60485,59.24326],[-137.49717,58.9864],[-137.52589,58.9065],[-137.44692,58.90994],[-137.26387,59.00272],[-136.86546,59.13845],[-136.82597,59.15821],[-136.5819,59.16508],[-136.46705,59.28449],[-136.47422,59.46403],[-136.36654,59.44771],[-136.30194,59.46403],[-136.23374,59.52503],[-136.23733,59.55853],[-136.35219,59.59891],[-136.19067,59.64014],[-135.9466,59.66419],[-135.4764,59.79993],[-135.25386,59.70113],[-135.15336,59.62554],[-135.11388,59.62382],[-135.02774,59.56368],[-135.02774,59.47434],[-135.07081,59.45373],[-135.06722,59.42194],[-135.00979,59.38156],[-135.02774,59.34548],[-134.96313,59.2802],[-134.70111,59.24755],[-134.68317,59.19085],[-134.56831,59.12814],[-134.48217,59.12814],[-134.37808,59.03536],[-134.39961,58.97609],[-134.30629,58.95891],[-134.32783,58.91939],[-134.24886,58.8584],[-133.83968,58.72782],[-133.72482,58.62559],[-133.55972,58.5225],[-133.38025,58.42801],[-133.46281,58.38591],[-133.34436,58.2708],[-133.17566,58.15053],[-133.07516,57.99934],[-132.87057,57.84299],[-132.75572,57.70468],[-132.64804,57.60932],[-132.5583,57.50366],[-132.36807,57.34903],[-132.25321,57.21587],[-132.37166,57.09561],[-132.05221,57.05094],[-132.12759,56.87483],[-131.87275,56.80524],[-131.90146,56.75284],[-131.86198,56.70388],[-131.83686,56.60165],[-131.58202,56.61367],[-131.46357,56.54753],[-131.16925,56.44873],[-131.08669,56.4075],[-130.7816,56.36712],[-130.62367,56.26833],[-130.46575,56.23998],[-130.42626,56.14033],[-130.34371,56.12745],[-130.2468,56.09652],[-130.10323,56.11628],[-130.00273,55.99343],[-130.01349,55.91612],[-130.08528,55.8242],[-130.14989,55.76664],[-130.1463,55.7151],[-130.11041,55.68245],[-130.12835,55.58108],[-130.08528,55.49174],[-130.0458,55.45223],[-130.02426,55.33797],[-129.98119,55.28385],[-130.09605,55.19794],[-130.18219,55.09314],[-130.18578,55.06479],[-130.25757,54.98747],[-130.34012,54.92133],[-130.47292,54.838],[-130.56984,54.79075],[-130.63803,54.77872],[-130.62726,54.73921],[-130.69546,54.71945],[-130.73853,54.75381],[-130.74212,54.80192],[-130.78878,54.82253],[-130.79237,54.78474],[-130.83544,54.76584],[-130.90005,54.7813],[-130.94671,54.82597],[-130.96107,54.91875],[-130.9503,54.96772],[-131.01132,54.99606],[-130.9826,55.08455],[-131.01491,55.0897],[-131.07234,55.13781],[-131.09387,55.19279],[-130.98619,55.24691],[-130.92518,55.30103],[-130.87134,55.29416],[-130.8821,55.35859],[-130.92159,55.42903],[-130.87134,55.53384],[-130.90364,55.69706],[-130.93953,55.75461],[-131.09387,55.8955],[-131.17284,55.94275],[-131.21591,55.98398],[-131.24103,55.95478],[-131.15848,55.90151],[-131.06875,55.82849],[-131.04362,55.76664],[-130.96466,55.68933],[-130.92876,55.57679],[-130.98619,55.53985],[-130.99337,55.47198],[-130.96825,55.39295],[-130.92876,55.33969],[-130.96107,55.31563],[-131.00055,55.3981],[-131.02926,55.40841],[-131.0185,55.34828],[-131.03285,55.28471],[-131.16207,55.19708],[-131.21232,55.19279],[-131.29846,55.23488],[-131.23027,55.29759],[-131.19078,55.36031],[-131.20155,55.39295],[-131.29128,55.38436],[-131.25539,55.32251],[-131.2841,55.28643],[-131.40255,55.23832],[-131.42768,55.23918],[-131.51023,55.33196],[-131.54971,55.2933],[-131.63944,55.33969],[-131.70046,55.35515],[-131.74353,55.3981],[-131.84403,55.45652],[-131.84403,55.52181],[-131.73277,55.54844],[-131.6538,55.59225],[-131.72559,55.63263],[-131.70046,55.69706],[-131.73277,55.73056],[-131.65021,55.76836],[-131.63944,55.78898],[-131.70405,55.78984],[-131.71482,55.85341],[-131.68969,55.89035],[-131.83686,55.87574],[-131.81532,55.83708],[-131.77584,55.82334],[-131.77943,55.79155],[-131.82609,55.71853],[-131.82968,55.66699],[-131.89787,55.60428],[-131.96248,55.61545],[-131.93736,55.53555],[-131.97325,55.49861],[-132.05939,55.54329],[-132.14912,55.56218],[-132.18143,55.58796],[-132.2245,55.70135],[-132.28193,55.76149],[-132.20655,55.73657],[-132.18143,55.801],[-132.08452,55.83279],[-132.04145,55.95907],[-132.07016,56.04669],[-132.03427,56.09566],[-132.01273,56.07762],[-131.96966,56.1137],[-131.94453,56.19273],[-132.01991,56.18328],[-132.03427,56.13346],[-132.10246,56.10769],[-132.17784,56.05529],[-132.13118,55.95821],[-132.15989,55.92213],[-132.27834,55.92471],[-132.32141,55.88777],[-132.31064,55.862],[-132.37166,55.84997],[-132.39679,55.87918],[-132.38243,55.93673],[-132.45063,55.95649],[-132.4937,56.06645],[-132.60855,56.05185],[-132.60855,56.01061],[-132.70905,56.11198],[-132.71982,56.21765],[-132.69111,56.23912],[-132.60138,56.23998],[-132.57625,56.29668],[-132.52959,56.33877],[-132.42191,56.34908],[-132.36448,56.28723],[-132.33936,56.34135],[-132.3932,56.48567],[-132.36089,56.48825],[-132.25321,56.44959],[-132.23886,56.39891],[-132.19937,56.37142],[-132.17784,56.39118],[-132.21014,56.45733],[-132.28911,56.48739],[-132.3573,56.52863],[-132.36807,56.57416],[-132.40755,56.58532],[-132.45063,56.56385],[-132.48652,56.60594],[-132.56907,56.63343],[-132.58702,56.6824],[-132.54395,56.70216],[-132.5583,56.75714],[-132.63727,56.78119],[-132.77007,56.83789],[-132.81673,56.89716],[-132.87057,56.92551],[-132.91723,56.99338],[-132.81314,57.03032],[-132.85263,57.08014],[-132.91723,57.03977],[-132.98543,57.05523],[-132.99261,57.03204],[-133.07516,57.08186],[-133.18643,57.08873],[-133.22591,57.13684],[-133.32282,57.11279],[-133.51665,57.17808],[-133.54536,57.24251],[-133.49152,57.30522],[-133.42691,57.28632],[-133.30847,57.28975],[-133.27616,57.33099],[-133.35513,57.33357],[-133.46998,57.36449],[-133.46281,57.39456],[-133.52741,57.50194],[-133.48075,57.57153],[-133.5669,57.56293],[-133.62073,57.57926],[-133.67816,57.62479],[-133.65304,57.71327],[-133.58125,57.71499],[-133.52382,57.68406],[-133.40538,57.66344],[-133.17925,57.58699],[-133.16131,57.59987],[-133.25104,57.6497],[-133.32282,57.66602],[-133.55972,57.7777],[-133.57048,57.85931],[-133.6315,57.84642],[-133.63868,57.79059],[-133.71047,57.79316],[-133.85045,57.93577],[-134.04786,58.06205],[-134.08734,58.18232],[-134.05504,58.23816],[-134.06222,58.28283],[-133.96531,58.31805],[-134.01197,58.40395],[-134.04068,58.40224],[-134.07299,58.32922],[-134.14477,58.30344],[-134.14477,58.26736],[-134.1017,58.24846],[-134.14836,58.1995],[-134.18425,58.20809],[-134.26322,58.19091],[-134.35295,58.20036],[-134.48217,58.22957],[-134.50729,58.21668],[-134.63292,58.24761],[-134.77649,58.39708],[-134.79084,58.49158],[-134.9416,58.61185],[-134.98826,58.67971],[-134.92006,58.68057],[-134.95954,58.83005],[-135.02774,58.78194],[-135.02415,58.73212],[-135.14977,58.84551],[-135.17849,58.99756],[-135.2072,59.0766],[-135.28258,59.19257],[-135.39744,59.29222],[-135.52665,59.32401],[-135.5446,59.31026],[-135.4441,59.27762],[-135.42974,59.2424],[-135.36872,59.20889],[-135.29694,59.09636],[-135.35077,59.10581],[-135.47281,59.22607],[-135.55178,59.257],[-135.63074,59.26559],[-135.48358,59.18656],[-135.43692,59.11354],[-135.3759,59.08862],[-135.40102,59.0053],[-135.36872,58.9297],[-135.32206,58.90994],[-135.34001,58.88932],[-135.2431,58.7828],[-135.23233,58.73555],[-135.1426,58.61614],[-135.13542,58.58865],[-135.18567,58.5981],[-135.08876,58.42285],[-135.05645,58.34983],[-135.05286,58.29056],[-135.09593,58.29743],[-135.09952,58.24503],[-135.05645,58.19005],[-135.16054,58.20981],[-135.22874,58.2373],[-135.27899,58.23386],[-135.3436,58.2708],[-135.39744,58.3275],[-135.43333,58.39966],[-135.51229,58.38591],[-135.63074,58.42887],[-135.72765,58.39708],[-135.90712,58.38076],[-135.89635,58.45034],[-135.98608,58.46409],[-136.00044,58.48041],[-135.89276,58.51391],[-135.92865,58.57319],[-135.9107,58.61872],[-136.0112,58.71236],[-136.0112,58.74328],[-136.09017,58.81544],[-136.04351,58.83606],[-136.05069,58.91338],[-136.11888,58.96836],[-136.16196,58.97695],[-136.10812,58.86441],[-136.15119,58.75703],[-136.2481,58.75273],[-136.39885,58.81287],[-136.49217,58.83864],[-136.54601,58.9675],[-136.58549,58.90908],[-136.63215,58.89018],[-136.79008,58.93657],[-136.84033,58.91939],[-136.87622,58.96234],[-136.9193,58.94688],[-136.93006,58.90049],[-136.76855,58.87042],[-136.74342,58.87644],[-136.5819,58.83864],[-136.46346,58.78194],[-136.35578,58.6926],[-136.39526,58.6548],[-136.4814,58.617],[-136.45987,58.60755],[-136.34142,58.64535],[-136.31629,58.67112],[-136.21938,58.67198],[-136.19426,58.58178],[-136.10094,58.51477],[-136.04351,58.3799],[-136.11171,58.3421],[-136.26604,58.31461],[-136.30553,58.3232],[-136.27322,58.36358],[-136.33783,58.37732],[-136.3809,58.36272],[-136.35578,58.32922],[-136.39167,58.29743],[-136.54601,58.31633],[-136.58549,58.29657],[-136.56755,58.24503],[-136.59626,58.21496],[-136.70035,58.21926],[-136.72906,58.28626],[-136.85828,58.31633],[-136.84751,58.32922],[-136.94801,58.39279],[-137.00903,58.40911],[-137.11312,58.39279],[-137.23874,58.45292],[-137.29617,58.46581],[-137.49717,58.55773],[-137.68023,58.62216],[-137.68741,58.66511],[-137.79508,58.72524],[-137.92789,58.78022],[-137.94583,58.80428],[-137.93148,58.86871],[-137.98532,58.90994],[-138.18273,59.01389],[-138.29041,59.05426],[-138.63498,59.13072],[-138.76419,59.19171],[-138.91853,59.24841],[-139.27028,59.33775],[-139.42103,59.37985],[-139.74766,59.50355],[-139.85534,59.53705],[-139.83739,59.56197],[-139.72612,59.63842],[-139.63998,59.6264],[-139.67228,59.6032],[-139.58614,59.60578],[-139.58614,59.64272],[-139.51077,59.70285],[-139.58973,59.70887],[-139.58255,59.77501],[-139.6328,59.87466],[-139.60768,59.90473],[-139.52871,59.93995],[-139.54666,59.96916],[-139.48923,59.99493],[-139.53589,60.04304],[-139.60409,59.99923],[-139.61127,59.94854],[-139.701,59.9305],[-139.77637,59.86865],[-139.77996,59.82656],[-140.16402,59.74065],[-140.20709,59.7166],[-140.30759,59.69254],[-140.64857,59.71144],[-140.88906,59.74237],[-140.98238,59.76986],[-141.42386,59.87724],[-141.48488,59.92535],[-141.42027,59.91676],[-141.29823,59.93738],[-141.25875,59.99837],[-141.3772,60.11091],[-141.36643,60.14699],[-141.43822,60.13238],[-141.54949,60.17018],[-141.52795,60.12723],[-141.36643,60.02414],[-141.40232,60.0061],[-141.59615,59.96229],[-141.73613,59.96229],[-141.912,60.00954],[-142.13095,60.03015],[-142.24581,60.04991],[-142.53654,60.08428],[-142.69806,60.09372],[-142.90983,60.09029],[-143.13595,60.06194],[-143.41233,60.05163],[-143.69947,60.02758],[-143.89329,59.98634],[-144.03328,60.01985],[-144.1948,59.99751],[-144.42451,59.89442],[-144.58962,59.79563],[-144.56808,59.85147],[-144.43887,59.93995],[-144.21633,60.04046],[-144.05122,60.04218],[-144.10865,60.09888],[-144.28453,60.14011],[-144.31324,60.16159],[-144.34913,60.09115],[-144.44246,60.16331],[-144.53578,60.18908],[-144.5968,60.18135],[-144.65422,60.20454],[-144.90906,60.22087],[-144.87676,60.24492],[-144.74037,60.26468],[-144.89112,60.29303],[-144.95931,60.28787],[-144.96649,60.30935],[-144.83369,60.44336],[-144.88753,60.45625],[-144.93419,60.42532],[-145.03828,60.40642],[-145.04187,60.35746],[-145.11365,60.30076],[-145.25364,60.31107],[-145.50489,60.3944],[-145.5013,60.42103],[-145.59462,60.45195],[-145.7346,60.47429],[-145.88176,60.44422],[-145.96073,60.46742],[-145.91407,60.49233],[-145.8028,60.51982],[-145.71307,60.58339],[-145.76332,60.59198],[-145.82792,60.54989],[-146.11148,60.46999],[-146.21557,60.45023],[-146.35196,60.45453],[-146.34837,60.40814],[-146.13301,60.43134],[-146.09353,60.41072],[-146.08635,60.36519],[-146.14737,60.36691],[-146.24787,60.33512],[-146.31248,60.34027],[-146.45964,60.30763],[-146.6068,60.24148],[-146.64987,60.2432],[-146.69294,60.28444],[-146.52425,60.35058],[-146.65705,60.34027],[-146.71807,60.34972],[-146.72166,60.39611],[-146.6391,60.46742],[-146.59244,60.49061],[-146.52784,60.49233],[-146.45605,60.4657],[-146.36991,60.4803],[-146.29094,60.51552],[-146.15455,60.52669],[-145.94996,60.57652],[-145.79921,60.5937],[-145.83151,60.61517],[-145.89971,60.61346],[-145.89612,60.67445],[-145.9356,60.63236],[-146.0038,60.61517],[-146.00021,60.64095],[-145.91048,60.69678],[-145.90689,60.71482],[-146.02534,60.665],[-146.18685,60.62462],[-146.25505,60.62205],[-146.26941,60.64782],[-146.04328,60.74403],[-146.06482,60.77668],[-146.16891,60.72513],[-146.3053,60.71311],[-146.34837,60.73544],[-146.40221,60.69335],[-146.474,60.68132],[-146.66782,60.69249],[-146.70371,60.74231],[-146.6068,60.75864],[-146.56732,60.75091],[-146.50271,60.77238],[-146.35914,60.78613],[-146.25505,60.81018],[-146.1725,60.86602],[-146.26223,60.86774],[-146.31248,60.82822],[-146.39503,60.8119],[-146.55655,60.81018],[-146.62116,60.8686],[-146.66423,60.87117],[-146.72525,60.8119],[-146.80062,60.80503],[-146.81498,60.85571],[-146.75755,60.87805],[-146.69653,60.87289],[-146.73602,60.91069],[-146.74678,60.95794],[-146.70012,60.98715],[-146.6068,61.08508],[-146.26223,61.09023],[-146.28735,61.12288],[-146.61398,61.11858],[-146.68935,61.06446],[-146.78627,61.04213],[-146.86164,60.97598],[-146.97291,60.93474],[-147.05546,60.94505],[-146.98368,60.97598],[-147.01957,61.07305],[-147.06264,61.11858],[-146.99803,61.14435],[-147.077,61.15295],[-147.12725,61.13319],[-147.13084,61.08937],[-147.08777,61.03525],[-147.13802,60.98113],[-147.13443,60.94591],[-147.18109,60.93303],[-147.27441,60.97426],[-147.28159,60.9167],[-147.3785,60.87805],[-147.45387,60.89695],[-147.45387,60.94162],[-147.49336,60.95794],[-147.51848,60.89523],[-147.55078,60.90811],[-147.53643,61.01893],[-147.50412,61.07219],[-147.55796,61.08164],[-147.61898,60.96997],[-147.58668,60.87461],[-147.60104,60.8497],[-147.66923,60.84197],[-147.66564,60.88406],[-147.76255,60.91327],[-147.78768,60.87375],[-147.73025,60.81791],[-147.77691,60.81104],[-147.9133,60.82478],[-148.03534,60.78355],[-148.13584,60.79128],[-148.15379,60.81791],[-148.10354,60.89952],[-147.95279,61.02924],[-147.9492,61.07477],[-147.77332,61.18044],[-147.71589,61.25002],[-147.73743,61.26548],[-147.99945,61.08422],[-148.00304,61.05415],[-148.06764,61.00433],[-148.09636,61.0112],[-148.12507,61.07048],[-148.16814,61.06962],[-148.17891,61.00003],[-148.21839,60.95364],[-148.283,60.91756],[-148.29377,60.86258],[-148.3512,60.80417],[-148.42657,60.82736],[-148.4517,60.78956],[-148.36555,60.76551],[-148.3835,60.68733],[-148.34761,60.68046],[-148.27941,60.75348],[-148.14661,60.75864],[-148.10713,60.73974],[-148.09277,60.66156],[-148.14302,60.62291],[-148.25429,60.59542],[-148.33325,60.53013],[-148.32966,60.47601],[-148.25429,60.49319],[-148.19327,60.55762],[-148.08559,60.59542],[-147.97791,60.51896],[-147.97791,60.48116],[-147.94202,60.44422],[-148.02457,60.27928],[-148.11789,60.27928],[-148.1502,60.32395],[-148.21839,60.33168],[-148.2148,60.30076],[-148.31172,60.26296],[-148.31172,60.24836],[-148.21122,60.26038],[-148.12866,60.23719],[-147.90971,60.13066],[-147.81639,60.05764],[-147.87023,59.9915],[-147.91689,59.96916],[-148.03893,59.93909],[-148.09995,59.95284],[-148.1502,59.93738],[-148.25429,59.93222],[-148.22198,59.97603],[-148.3153,60.03359],[-148.283,60.08513],[-148.34402,60.13925],[-148.40145,60.03101],[-148.40145,59.97775],[-148.44452,59.94253],[-148.51272,60.00181],[-148.54502,59.99493],[-148.57014,59.94425],[-148.63475,59.9159],[-148.75679,59.95885],[-148.86088,59.92449],[-148.91472,59.96916],[-149.01163,59.95112],[-149.09059,59.95542],[-149.1229,59.97947],[-149.03675,60.04304],[-149.06906,60.05507],[-149.16597,60.02242],[-149.27006,59.87209],[-149.37774,59.83601],[-149.41004,59.85147],[-149.35979,59.89872],[-149.31313,59.97088],[-149.36697,60.11864],[-149.4244,60.12293],[-149.44234,60.09888],[-149.43875,60.0293],[-149.39209,59.98377],[-149.42799,59.98033],[-149.46388,59.91848],[-149.5249,59.92793],[-149.55361,59.91074],[-149.57156,59.85233],[-149.61104,59.83772],[-149.59668,59.79735],[-149.50695,59.77072],[-149.52849,59.70715],[-149.6254,59.73464],[-149.66847,59.84374],[-149.63975,59.87552],[-149.67924,59.94253],[-149.74025,59.94768],[-149.71872,59.90301],[-149.74743,59.86092],[-149.72949,59.69254],[-149.74743,59.63756],[-149.84434,59.70113],[-149.84793,59.73807],[-149.90536,59.76213],[-150.0274,59.78876],[-150.01663,59.7544],[-149.93049,59.72347],[-149.93408,59.66935],[-150.18174,59.53362],[-150.29659,59.45544],[-150.29659,59.42452],[-150.35402,59.41593],[-150.38633,59.34205],[-150.4294,59.34377],[-150.44017,59.4039],[-150.31813,59.58516],[-150.31813,59.61007],[-150.41145,59.55424],[-150.47965,59.45888],[-150.52272,59.46833],[-150.55502,59.59032],[-150.60168,59.54564],[-150.64117,59.54736],[-150.58374,59.4941],[-150.60168,59.42538],[-150.74167,59.42538],[-150.77038,59.37297],[-150.83499,59.35236],[-150.91395,59.30511],[-150.88883,59.26817],[-150.94267,59.23295],[-151.0001,59.22436],[-151.0001,59.27075],[-151.05753,59.30167],[-151.10419,59.26301],[-151.10778,59.21748],[-151.18674,59.20288],[-151.27288,59.22951],[-151.30519,59.20975],[-151.38056,59.2424],[-151.40569,59.27934],[-151.44876,59.24841],[-151.52413,59.22522],[-151.5026,59.19515],[-151.57438,59.19515],[-151.59233,59.16164],[-151.73949,59.15563],[-151.76103,59.22092],[-151.83999,59.20889],[-151.91537,59.22779],[-151.9046,59.24669],[-151.97997,59.25356],[-151.99074,59.3137],[-151.96203,59.34462],[-151.9046,59.36009],[-151.88665,59.42108],[-151.77179,59.44771],[-151.73949,59.43826],[-151.6354,59.48207],[-151.51695,59.48465],[-151.51695,59.52331],[-151.39851,59.54135],[-151.27647,59.59461],[-151.1652,59.58688],[-151.20469,59.64615],[-151.12572,59.66849],[-151.11495,59.69598],[-150.98215,59.7836],[-151.02881,59.79649],[-151.11495,59.77759],[-151.33031,59.68395],[-151.43799,59.66677],[-151.5026,59.63327],[-151.64258,59.64701],[-151.79692,59.70457],[-151.85076,59.73893],[-151.86871,59.77845],[-151.8041,59.87896],[-151.75744,59.91762],[-151.7036,60.03187],[-151.60669,60.09974],[-151.54567,60.12809],[-151.42004,60.21313],[-151.38056,60.29732],[-151.38056,60.35832],[-151.29801,60.3858],[-151.28006,60.51982],[-151.2657,60.54301],[-151.33031,60.58081],[-151.40928,60.72084],[-151.26929,60.75091],[-151.25135,60.7741],[-151.02522,60.79729],[-150.70577,60.93818],[-150.37556,61.03955],[-150.19251,60.90124],[-150.04534,60.8875],[-149.99868,60.8643],[-149.87665,60.96052],[-149.76897,60.96739],[-149.63975,60.92873],[-149.57156,60.93732],[-149.34543,60.89609],[-149.11213,60.87891],[-149.00445,60.83166],[-149.00804,60.85485],[-149.087,60.90897],[-149.19109,60.9399],[-149.32749,60.92787],[-149.51054,60.98199],[-149.59668,60.98113],[-149.74025,61.01721],[-149.82999,61.07563],[-149.96997,61.13233],[-150.07406,61.15638],[-150.00945,61.20363],[-149.92331,61.21136],[-149.81204,61.31788],[-149.72949,61.33335],[-149.70077,61.38489],[-149.53566,61.40809],[-149.42799,61.44674],[-149.54284,61.4897],[-149.61463,61.49313],[-149.76897,61.43815],[-149.80845,61.39606],[-149.87665,61.38403],[-149.91972,61.3239],[-149.91972,61.26376],[-149.98433,61.23713],[-150.07406,61.25346],[-150.20327,61.25947],[-150.46888,61.24486],[-150.5622,61.2818],[-150.6627,61.29555],[-150.71295,61.25088],[-151.02522,61.17872],[-151.1652,61.04642],[-151.29442,61.03611],[-151.36262,61.00948],[-151.48106,61.0112],[-151.62104,60.95708],[-151.79333,60.86344],[-151.79692,60.83853],[-151.7036,60.73201],[-151.71078,60.71225],[-151.84717,60.73372],[-151.91537,60.71826],[-152.02305,60.67359],[-152.09842,60.59456],[-152.19533,60.56964],[-152.31019,60.50607],[-152.33172,60.44336],[-152.30301,60.41415],[-152.23481,60.39354],[-152.37839,60.34543],[-152.41069,60.28787],[-152.45735,60.28444],[-152.55785,60.2243],[-152.62605,60.21829],[-152.65835,60.24234],[-152.74808,60.23289],[-152.73373,60.17448],[-152.6763,60.16331],[-152.68706,60.13754],[-152.59733,60.10146],[-152.56862,60.07139],[-152.61169,60.00868],[-152.67989,59.9683],[-152.70501,59.91504],[-152.79474,59.897],[-152.8091,59.8781],[-152.94908,59.87638],[-153.00292,59.88669],[-153.14649,59.86006],[-153.2111,59.86264],[-153.2793,59.81109],[-153.19674,59.82484],[-153.14291,59.80766],[-153.08907,59.83343],[-153.02087,59.83429],[-152.99574,59.79134],[-153.05317,59.69168],[-153.12137,59.67794],[-153.21469,59.63413],[-153.31519,59.66591],[-153.29724,59.6367],[-153.34391,59.62124],[-153.40851,59.6367],[-153.38339,59.66677],[-153.37621,59.7312],[-153.45517,59.79219],[-153.44441,59.68997],[-153.47671,59.64272],[-153.54132,59.62983],[-153.58798,59.65131],[-153.60951,59.62124],[-153.55208,59.59719],[-153.58439,59.55166],[-153.76026,59.54307],[-153.69925,59.46317],[-153.72796,59.43568],[-153.82487,59.41764],[-153.86076,59.42452],[-153.94691,59.38586],[-153.98998,59.39703],[-154.11919,59.36524],[-154.10125,59.34291],[-154.02946,59.32744],[-154.11201,59.29995],[-154.13714,59.26301],[-154.12996,59.21061],[-154.17303,59.17281],[-154.25918,59.14275],[-154.17303,59.12041],[-154.19457,59.06973],[-154.15868,59.01818],[-154.06176,59.0723],[-153.85,59.05254],[-153.79257,59.07144],[-153.7495,59.05254],[-153.69566,59.07402],[-153.61669,59.00701],[-153.5485,58.98382],[-153.4803,58.99499],[-153.39774,58.96578],[-153.33314,58.92025],[-153.30442,58.87472],[-153.25058,58.85582],[-153.35108,58.84379],[-153.40133,58.74242],[-153.44441,58.70892],[-153.55208,58.68744],[-153.59157,58.6402],[-153.67771,58.61185],[-153.85,58.61185],[-153.90384,58.59724],[-153.91819,58.51649],[-153.96126,58.48814],[-154.05817,58.489],[-154.07612,58.47182],[-154.04023,58.40395],[-154.00075,58.37646],[-154.09766,58.34554],[-154.16944,58.35842],[-154.17662,58.31977],[-154.10484,58.28025],[-154.14432,58.21067],[-154.21969,58.18489],[-154.24123,58.15655],[-154.20893,58.13593],[-154.29148,58.13593],[-154.34173,58.09126],[-154.43505,58.14795],[-154.46735,58.14194],[-154.44941,58.09297],[-154.46377,58.05861],[-154.53914,58.05604],[-154.58221,58.0191],[-154.64323,58.03284],[-154.64323,58.05604],[-154.71502,58.05518],[-154.72937,58.02167],[-154.80834,58.00106],[-154.89089,58.02769],[-154.99139,58.01308],[-155.11702,57.95381],[-155.06318,57.90914],[-155.09548,57.86532],[-155.23905,57.82753],[-155.33955,57.82581],[-155.33596,57.78028],[-155.28571,57.7588],[-155.30725,57.72444],[-155.37904,57.71069],[-155.50825,57.76138],[-155.54414,57.78715],[-155.61593,57.76997],[-155.63388,57.71585],[-155.63029,57.65657],[-155.72361,57.63338],[-155.73438,57.55005],[-155.96768,57.54404],[-156.04305,57.56465],[-156.05023,57.50108],[-156.02152,57.44009],[-156.0933,57.44009],[-156.13638,57.47187],[-156.21175,57.47445],[-156.22611,57.44095],[-156.34097,57.41775],[-156.48095,57.33872],[-156.53479,57.32841],[-156.55273,57.29061],[-156.50607,57.28116],[-156.33738,57.33614],[-156.32302,57.29319],[-156.34456,57.24766],[-156.39839,57.24165],[-156.39839,57.21502],[-156.33379,57.18237],[-156.36968,57.14973],[-156.43429,57.12739],[-156.44147,57.0853],[-156.53479,57.0475],[-156.5635,57.02001],[-156.55632,56.98393],[-156.67118,56.99596],[-156.78245,56.9719],[-156.79681,56.91177],[-156.83988,56.90146],[-156.90807,56.96589],[-156.93679,56.92036],[-157.0337,56.88428],[-157.07318,56.83875],[-157.15932,56.83359],[-157.14138,56.79064],[-157.2024,56.76745],[-157.29213,56.80439],[-157.37827,56.86194],[-157.45724,56.8482],[-157.45724,56.80439],[-157.41775,56.80009],[-157.41416,56.76916],[-157.51825,56.76057],[-157.56492,56.70302],[-157.54338,56.67553],[-157.47877,56.67037],[-157.46083,56.6257],[-157.59004,56.62226],[-157.67618,56.60938],[-157.7372,56.67553],[-157.92026,56.64288],[-157.98486,56.59907],[-158.04229,56.59649],[-158.07459,56.5544],[-158.0064,56.55354],[-157.90949,56.57502],[-157.8377,56.56041],[-157.81617,56.51402],[-157.87359,56.47365],[-158.02793,56.51145],[-158.11049,56.5209],[-158.12843,56.46076],[-158.24688,56.46592],[-158.32943,56.48396],[-158.40122,56.45561],[-158.49813,56.38001],[-158.49095,56.34221],[-158.32226,56.32503],[-158.2074,56.2941],[-158.21817,56.26919],[-158.33302,56.23311],[-158.32943,56.21335],[-158.26483,56.20992],[-158.1751,56.23655],[-158.11767,56.23053],[-158.31508,56.16353],[-158.39763,56.10941],[-158.39404,56.06473],[-158.4407,56.10769],[-158.4766,56.09308],[-158.41917,56.03639],[-158.4407,55.99343],[-158.46583,56.02694],[-158.50172,56.02522],[-158.5089,55.97969],[-158.59863,56.04841],[-158.59863,56.13002],[-158.66683,56.07848],[-158.63811,56.01577],[-158.65247,55.95821],[-158.73861,55.95306],[-158.72785,56.00288],[-158.85347,56.00374],[-158.9109,55.93502],[-159.00063,55.92729],[-159.26983,55.89035],[-159.37392,55.87145],[-159.39904,55.85255],[-159.40981,55.78898],[-159.47083,55.82849],[-159.45288,55.89722],[-159.53544,55.8809],[-159.49954,55.85512],[-159.49596,55.76578],[-159.55338,55.70479],[-159.53185,55.66527],[-159.61799,55.59569],[-159.73285,55.56992],[-159.72567,55.61459],[-159.63953,55.61802],[-159.64312,55.65239],[-159.67901,55.65582],[-159.67183,55.75118],[-159.60722,55.81303],[-159.71131,55.84653],[-159.81181,55.85684],[-159.85847,55.84138],[-159.84771,55.80272],[-159.89078,55.78468],[-159.93744,55.80358],[-160.02717,55.79241],[-160.05947,55.72197],[-160.1851,55.6584],[-160.27842,55.64122],[-160.41123,55.66527],[-160.43276,55.64036],[-160.39328,55.60256],[-160.46506,55.53298],[-160.46148,55.50635],[-160.53685,55.47456],[-160.57992,55.56476],[-160.61582,55.57593],[-160.66607,55.54414],[-160.70555,55.55617],[-160.77015,55.52954],[-160.65889,55.51837],[-160.66607,55.45996],[-160.78092,55.45137],[-160.83835,55.47284],[-160.8204,55.50635],[-160.86707,55.52696],[-160.94603,55.50806],[-161.01423,55.43075],[-161.23317,55.35773],[-161.3265,55.35945],[-161.36598,55.38436],[-161.4593,55.35945],[-161.50596,55.36288],[-161.47007,55.4969],[-161.36598,55.57937],[-161.36239,55.61888],[-161.41623,55.63263],[-161.5275,55.63091],[-161.61364,55.606],[-161.69978,55.51923],[-161.68542,55.40841],[-161.829,55.28814],[-161.85412,55.27784],[-161.90437,55.20482],[-161.97975,55.23574],[-162.04794,55.22543],[-162.00128,55.16959],[-161.96539,55.15499],[-161.9618,55.10688],[-162.05153,55.07424],[-162.11973,55.10259],[-162.11973,55.14125],[-162.17716,55.15413],[-162.22382,55.10259],[-162.18793,55.06049],[-162.24894,55.02012],[-162.29919,55.04331],[-162.41405,55.03644],[-162.47148,55.0519],[-162.52173,55.11547],[-162.40687,55.12063],[-162.48225,55.161],[-162.51096,55.25035],[-162.58634,55.29845],[-162.62582,55.30447],[-162.68325,55.27612],[-162.71914,55.22028],[-162.69402,55.19708],[-162.64377,55.19708],[-162.57916,55.13695],[-162.61864,55.09743],[-162.56839,55.01582],[-162.56839,54.97115],[-162.64736,54.99692],[-162.71914,54.9806],[-162.70837,54.95827],[-162.76939,54.93249],[-162.834,54.92648],[-162.91296,54.95053],[-162.97039,55.00122],[-162.95603,55.03214],[-163.0027,55.08025],[-163.07807,55.11204],[-163.18934,55.09056],[-163.22523,55.04245],[-163.04936,54.96943],[-163.035,54.9428],[-163.21446,54.84745],[-163.30061,54.82941],[-163.37239,54.80106],[-163.31496,54.75295],[-163.21805,54.75467],[-163.18575,54.77529],[-163.10679,54.73233],[-163.06012,54.66103],[-163.15345,54.66619],[-163.12473,54.69539],[-163.18575,54.70055],[-163.22164,54.67649],[-163.27907,54.69539],[-163.34009,54.74866],[-163.42982,54.71515],[-163.42264,54.65588],[-163.48725,54.65502],[-163.58775,54.61206],[-163.6703,54.62753],[-163.80311,54.63612],[-163.96463,54.63182],[-164.08666,54.6198],[-164.23382,54.58543],[-164.33791,54.52444],[-164.35227,54.46517],[-164.45636,54.41964],[-164.63941,54.39129],[-164.7435,54.39386],[-164.844,54.41792],[-164.87631,54.44369],[-164.90861,54.50726],[-164.9445,54.53303],[-164.94809,54.58028],[-164.91938,54.60519],[-164.76145,54.64041],[-164.7112,54.66189],[-164.62865,54.75639],[-164.56045,54.85088],[-164.56404,54.8758],[-164.48507,54.92219],[-164.43482,54.93335],[-164.34509,54.89384],[-164.2087,54.92734],[-164.11897,54.96943],[-164.02923,54.96943],[-163.89643,55.03902],[-163.77439,55.0562],[-163.64518,55.04417],[-163.53391,55.04847],[-163.53032,55.01668],[-163.42982,54.95483],[-163.39752,54.90243],[-163.41546,54.85947],[-163.31855,54.88009],[-163.34727,54.92476],[-163.34009,54.95655],[-163.23241,54.93078],[-163.28625,54.96686],[-163.27907,55.033],[-163.31496,55.12664],[-163.20011,55.16616],[-163.10679,55.1842],[-162.95603,55.17131],[-162.88066,55.18334],[-162.84477,55.24261],[-162.9022,55.24605],[-162.88784,55.2701],[-162.82323,55.2787],[-162.79811,55.31134],[-162.7335,55.3079],[-162.64018,55.39295],[-162.62941,55.36546],[-162.57557,55.34828],[-162.50019,55.38951],[-162.51814,55.46082],[-162.58993,55.45308],[-162.49302,55.5115],[-162.2633,55.68847],[-162.14485,55.73314],[-162.0623,55.7864],[-161.9941,55.79757],[-161.89719,55.83365],[-161.80746,55.89206],[-161.71055,55.90409],[-161.58492,55.93759],[-161.45212,55.95478],[-161.13267,56.01491],[-161.02499,56.00718],[-160.9891,56.02264],[-160.82758,56.02694],[-160.79169,56.01835],[-160.86348,55.99515],[-160.86707,55.95478],[-160.81682,55.95306],[-160.82758,55.91096],[-160.93167,55.8955],[-160.94244,55.82248],[-160.80605,55.73829],[-160.76657,55.75719],[-160.66965,55.72369],[-160.6553,55.74001],[-160.75939,55.78554],[-160.77015,55.85856],[-160.79169,55.88605],[-160.69837,55.862],[-160.49378,55.86457],[-160.46865,55.79069],[-160.3861,55.79671],[-160.29278,55.76578],[-160.26765,55.78468],[-160.3179,55.81904],[-160.22099,55.83193],[-160.42199,55.90839],[-160.53685,55.93931],[-160.53326,55.98914],[-160.59069,55.98312],[-160.45071,56.12573],[-160.39687,56.23139],[-160.35739,56.2795],[-160.27483,56.3173],[-160.14562,56.39977],[-160.08101,56.41094],[-159.93744,56.47451],[-159.82976,56.54409],[-159.53544,56.62656],[-159.38828,56.69013],[-159.26265,56.72363],[-159.01858,56.81469],[-158.95756,56.85077],[-158.85347,56.79236],[-158.78528,56.78033],[-158.67401,56.79665],[-158.64529,56.84734],[-158.69195,56.88771],[-158.69913,56.92723],[-158.64529,57.03204],[-158.5412,57.12481],[-158.39404,57.23649],[-158.3079,57.28975],[-158.22893,57.32154],[-158.08536,57.35676],[-158.00999,57.40143],[-157.93102,57.47617],[-157.88077,57.48906],[-157.78745,57.54232],[-157.67977,57.56379],[-157.65106,57.50022],[-157.58645,57.48734],[-157.57209,57.52256],[-157.60799,57.61276],[-157.69054,57.61104],[-157.71208,57.64025],[-157.7049,57.72186],[-157.67259,57.77255],[-157.58286,58.1239],[-157.53261,58.15998],[-157.39622,58.17373],[-157.35315,58.21926],[-157.42493,58.21152],[-157.54697,58.27767],[-157.55774,58.33093],[-157.52543,58.41426],[-157.45365,58.50532],[-157.35674,58.53367],[-157.25265,58.62044],[-157.07677,58.70806],[-157.06241,58.75703],[-156.99422,58.83692],[-157.01216,58.87558],[-156.9655,58.90393],[-156.97627,58.94087],[-156.92961,58.97351],[-157.0014,58.97351],[-157.04088,58.94602],[-157.04088,58.91338],[-157.11625,58.86785],[-157.21675,58.84122],[-157.35315,58.81802],[-157.42852,58.79139],[-157.53261,58.77249],[-157.55056,58.75445],[-157.69772,58.7304],[-157.85565,58.67799],[-158.1392,58.61528],[-158.23252,58.61958],[-158.33302,58.66511],[-158.35097,58.72782],[-158.42276,58.76991],[-158.56633,58.80256],[-158.55915,58.84207],[-158.51967,58.85668],[-158.48736,59.00014],[-158.53044,58.99756],[-158.62017,58.9108],[-158.76733,58.86441],[-158.78886,58.81458],[-158.77092,58.76476],[-158.79963,58.73297],[-158.84988,58.72267],[-158.86065,58.69518],[-158.82835,58.62645],[-158.77092,58.54828],[-158.70272,58.48299],[-158.79604,58.40825],[-158.89654,58.39021],[-159.04729,58.4177],[-159.18728,58.55601],[-159.35597,58.73469],[-159.44929,58.7974],[-159.53185,58.83348],[-159.64312,58.84465],[-159.58569,58.90049],[-159.64312,58.93829],[-159.73285,58.93056],[-159.75438,58.85582],[-159.80822,58.86183],[-159.80463,58.80599],[-159.90872,58.78022],[-159.99487,58.84809],[-159.9841,58.87042],[-160.0523,58.88675],[-160.09178,58.86097],[-160.14921,58.86613],[-160.1528,58.91681],[-160.23176,58.90135],[-160.32149,58.95375],[-160.25689,58.99413],[-160.3179,59.07058],[-160.47583,59.02591],[-160.64094,58.96406],[-160.75221,58.9108],[-160.82399,58.82919],[-160.87065,58.87816],[-160.99987,58.84981],[-161.33726,58.74328],[-161.37316,58.70806],[-161.37316,58.66597],[-161.52032,58.63332],[-161.54903,58.61099],[-161.628,58.6024],[-161.68184,58.5646],[-161.75362,58.55171],[-161.76798,58.59896],[-161.87207,58.63762],[-162.06589,58.62044],[-162.16998,58.64879],[-161.9941,58.68916],[-161.94026,58.65566],[-161.87566,58.66597],[-161.85771,58.70892],[-161.76798,58.77507],[-161.75721,58.82661],[-161.78592,58.89963],[-161.78234,58.96922],[-161.83976,59.03279],[-161.82182,59.05083],[-161.87925,59.06801],[-161.98334,59.15134],[-162.05512,59.27075],[-161.95103,59.38071],[-161.87566,59.40046],[-161.78951,59.46833],[-161.70337,59.49066],[-161.75721,59.55681],[-161.82182,59.59461],[-161.87566,59.64959],[-161.91155,59.74151],[-162.09101,59.88068],[-162.10178,59.94425],[-162.19152,60.00181],[-162.22741,60.05593],[-162.33509,60.12895],[-162.37098,60.16674],[-162.44994,60.17448],[-162.48943,60.14269],[-162.49661,60.07912],[-162.47507,60.04734],[-162.50378,59.99923],[-162.54686,59.98119],[-162.64377,59.9726],[-162.70837,59.99064],[-162.77657,59.94425],[-162.90578,59.91934],[-163.08525,59.86092],[-163.34727,59.81968],[-163.66313,59.79563],[-163.93232,59.80422],[-164.11538,59.83687],[-164.16204,59.86436],[-164.2087,59.9494],[-164.12614,59.96487],[-164.19075,60.02414],[-164.38457,60.0774],[-164.49943,60.17018],[-164.51738,60.19939],[-164.63582,60.2432],[-164.70043,60.29646],[-164.85118,60.30334],[-164.96245,60.33942],[-165.13115,60.43391],[-165.04859,60.4614],[-164.96245,60.50865],[-164.96963,60.53958],[-165.05577,60.54473],[-165.19216,60.49834],[-165.36445,60.50693],[-165.42188,60.55074],[-165.3824,60.57823],[-165.26754,60.57909],[-165.06295,60.68905],[-165.02706,60.68562],[-164.96604,60.72427],[-165.02347,60.75348],[-165.03783,60.7887],[-164.92297,60.80932],[-165.01988,60.81533],[-165.00193,60.87547],[-164.90502,60.94248],[-164.96604,60.94505],[-165.03065,60.90382],[-165.17422,60.9399],[-165.19575,60.97426],[-165.11679,61.01635],[-165.01988,61.0112],[-164.95168,61.03096],[-164.95168,61.06962],[-165.0127,61.05158],[-165.12038,61.07907],[-165.17781,61.12546],[-165.17063,61.14521],[-165.24242,61.15123],[-165.28908,61.18129],[-165.32497,61.16927],[-165.36804,61.08422],[-165.41829,61.07907],[-165.55468,61.09281],[-165.59058,61.11085],[-165.62647,61.16755],[-165.62288,61.27837],[-165.66236,61.29469],[-165.8167,61.30328],[-165.88131,61.33507],[-165.9172,61.41925],[-165.76645,61.45705],[-165.74492,61.4897],[-165.80593,61.52921],[-165.91361,61.55584],[-166.07513,61.53265],[-166.07513,61.49313],[-166.15051,61.51289],[-166.18281,61.58849],[-166.1541,61.71477],[-166.13256,61.72422],[-166.13974,61.6323],[-165.80952,61.67268],[-165.80952,61.689],[-165.93515,61.70618],[-166.00693,61.73023],[-166.09308,61.80068],[-166.0859,61.81614],[-165.95668,61.83246],[-165.75927,61.82559],[-165.64083,61.84707],[-165.74492,61.96218],[-165.75927,62.0017],[-165.74851,62.07386],[-165.67313,62.14],[-165.31061,62.37882],[-165.29625,62.40374],[-165.19934,62.46988],[-165.09525,62.52229],[-165.07731,62.58242],[-165.0127,62.63998],[-164.93733,62.66919],[-164.86913,62.66575],[-164.83682,62.68551],[-164.87631,62.7843],[-164.78299,62.9458],[-164.71838,63.00594],[-164.58198,63.05834],[-164.64659,63.07896],[-164.63224,63.09786],[-164.42406,63.21211],[-164.2087,63.25163],[-164.03641,63.26108],[-163.88566,63.22242],[-163.73132,63.21297],[-163.61646,63.14081],[-163.53032,63.13566],[-163.50879,63.11332],[-163.31496,63.03772],[-163.05295,63.05834],[-162.834,63.16486],[-162.81964,63.20524],[-162.66171,63.23015],[-162.43559,63.37791],[-162.35303,63.45437],[-162.27048,63.48787],[-162.30278,63.53769],[-162.25253,63.54199],[-162.15203,63.51794],[-162.07307,63.51364],[-162.02641,63.44749],[-161.83976,63.44749],[-161.67825,63.46467],[-161.58492,63.44749],[-161.30855,63.47155],[-161.13626,63.50419],[-161.10396,63.548],[-160.90296,63.65796],[-160.76657,63.77394],[-160.76657,63.83493],[-160.80964,63.90451],[-160.89219,63.98612],[-160.95321,64.09007],[-160.9568,64.19144],[-160.97474,64.23611],[-161.22958,64.37098],[-161.26189,64.39847],[-161.40905,64.42253],[-161.50596,64.42339],[-161.47007,64.50671],[-161.37316,64.53506],[-161.32291,64.51359],[-161.19728,64.49641],[-161.01423,64.50242],[-161.05012,64.54108],[-160.93885,64.54967],[-160.79169,64.61925],[-160.78451,64.71718],[-160.93526,64.82199],[-161.10396,64.88041],[-161.19369,64.92164],[-161.19728,64.89415],[-161.29419,64.85292],[-161.36598,64.77904],[-161.51673,64.75326],[-161.66748,64.78934],[-161.87925,64.70945],[-162.16998,64.68024],[-162.23459,64.61925],[-162.53968,64.53077],[-162.61505,64.47063],[-162.633,64.38559],[-162.79093,64.32545],[-162.80528,64.40535],[-162.85912,64.49984],[-162.94168,64.54279],[-163.04218,64.54022],[-163.02782,64.56943],[-163.14268,64.60894],[-163.17498,64.63987],[-163.31137,64.58832],[-163.25395,64.54967],[-163.17857,64.54365],[-163.12114,64.51015],[-163.035,64.5196],[-163.02782,64.47837],[-163.10679,64.40878],[-163.17498,64.39933],[-163.25395,64.46977],[-163.45136,64.53506],[-163.59852,64.56341],[-163.82823,64.57458],[-163.97539,64.55139],[-164.07231,64.56169],[-164.25895,64.56427],[-164.42047,64.54537],[-164.80811,64.44916],[-165.01629,64.43455],[-165.4147,64.49812],[-165.75209,64.53678],[-165.92079,64.54881],[-166.23665,64.58317],[-166.41252,64.65104],[-166.48431,64.73351],[-166.48072,64.79708],[-166.40894,64.828],[-166.43047,64.88298],[-166.53097,64.9371],[-166.69249,64.98521],[-166.69608,65.0359],[-166.86119,65.09087],[-166.89708,65.13898],[-166.7571,65.11063],[-166.63865,65.11321],[-166.60635,65.13641],[-166.5202,65.14929],[-166.46278,65.17678],[-166.47354,65.22403],[-166.34792,65.27643],[-166.48431,65.33055],[-166.55251,65.33828],[-166.6566,65.32454],[-166.79658,65.33743],[-167.02629,65.3821],[-167.39958,65.40014],[-167.57546,65.44481],[-167.71185,65.49893],[-167.90926,65.55047],[-168.07437,65.57624],[-168.12821,65.65614]]],[[[-169.05425,52.86302],[-168.95733,52.88621],[-168.96092,52.9369],[-168.89632,52.9369],[-168.86042,52.96782],[-168.86042,53.01679],[-168.78505,53.04514],[-168.7671,53.09411],[-168.80299,53.10785],[-168.76351,53.18259],[-168.5984,53.27365],[-168.54098,53.25131],[-168.44407,53.26506],[-168.34357,53.26248],[-168.37587,53.31832],[-168.41894,53.32262],[-168.38664,53.38876],[-168.40817,53.4111],[-168.34357,53.47639],[-168.19999,53.53394],[-168.00617,53.56573],[-167.90208,53.5202],[-167.79081,53.52106],[-167.78364,53.5013],[-167.85901,53.43773],[-167.84106,53.38619],[-168.03848,53.30458],[-168.27178,53.24272],[-168.33998,53.18603],[-168.34357,53.1551],[-168.44407,53.08552],[-168.4979,53.03569],[-168.58764,53.0271],[-168.68814,52.96611],[-168.74198,52.9515],[-168.75633,52.90769],[-168.81017,52.92573],[-168.90708,52.88364],[-169.10091,52.82436],[-169.05425,52.86302]]],[[[-169.2696,52.77282],[-169.16551,52.81491],[-169.1691,52.77625],[-169.26242,52.75478],[-169.2696,52.77282]]],[[[-169.76134,52.97813],[-169.74698,53.02109],[-169.67878,53.03483],[-169.66443,52.99703],[-169.69673,52.95837],[-169.7398,52.9515],[-169.76134,52.97813]]],[[[-169.79005,56.61797],[-169.61059,56.6068],[-169.5065,56.6111],[-169.4706,56.59907],[-169.56751,56.54065],[-169.65007,56.54409],[-169.68237,56.58361],[-169.75416,56.5922],[-169.79005,56.61797]]],[[[-169.77569,53.0795],[-169.74698,53.046],[-169.80082,53.05717],[-169.77569,53.0795]]],[[[-170.00541,52.8467],[-169.94439,52.8613],[-169.86184,52.85872],[-169.86902,52.87505],[-169.7721,52.8948],[-169.70391,52.88621],[-169.66801,52.86474],[-169.72903,52.77454],[-169.83671,52.81749],[-169.92644,52.79258],[-169.99464,52.8046],[-170.00541,52.8467]]],[[[-170.11309,52.90168],[-170.08437,52.92401],[-170.00182,52.91027],[-169.99823,52.88364],[-170.04848,52.85701],[-170.09514,52.87075],[-170.11309,52.90168]]],[[[-170.18487,52.72299],[-170.17052,52.78484],[-170.05207,52.76938],[-170.07719,52.72042],[-170.18487,52.72299]]],[[[-170.42177,57.16949],[-170.38946,57.20643],[-170.3105,57.21931],[-170.26743,57.21072],[-170.16334,57.22962],[-170.17052,57.18151],[-170.28537,57.12825],[-170.30332,57.15488],[-170.42177,57.16949]]],[[[-170.83454,52.60015],[-170.81659,52.63623],[-170.67302,52.69808],[-170.56175,52.67489],[-170.55816,52.65169],[-170.60482,52.60187],[-170.67302,52.60358],[-170.73403,52.58125],[-170.78787,52.54001],[-170.84171,52.55805],[-170.83454,52.60015]]],[[[-171.15039,52.58468],[-171.11809,52.55719],[-171.17552,52.55891],[-171.15039,52.58468]]],[[[-171.31191,52.49362],[-171.25089,52.5297],[-171.19346,52.49792],[-171.23654,52.45067],[-171.30473,52.44981],[-171.31191,52.49362]]],[[[-171.83954,63.548],[-171.83236,63.57979],[-171.74263,63.65453],[-171.75339,63.71896],[-171.72468,63.73442],[-171.74263,63.78339],[-171.66725,63.78596],[-171.63854,63.74988],[-171.65289,63.70865],[-171.60982,63.67944],[-171.38011,63.63047],[-171.10373,63.58924],[-170.90632,63.57206],[-170.69814,63.6468],[-170.48996,63.69662],[-170.28178,63.68459],[-170.17769,63.62532],[-170.09514,63.61243],[-170.0413,63.52309],[-170.04848,63.49045],[-169.85825,63.44234],[-169.65725,63.43031],[-169.57828,63.40282],[-169.54598,63.37276],[-169.41676,63.35557],[-169.10091,63.33839],[-169.05066,63.34355],[-168.68455,63.2963],[-168.78146,63.18376],[-168.86042,63.14682],[-169.04348,63.17689],[-169.19782,63.17603],[-169.37728,63.15112],[-169.53521,63.07466],[-169.5711,63.02226],[-169.56751,62.97673],[-169.6393,62.93721],[-169.74698,62.95611],[-169.73621,62.97673],[-169.82953,63.07896],[-169.94439,63.13222],[-170.12385,63.18376],[-170.26384,63.17947],[-170.30332,63.23874],[-170.36434,63.28599],[-170.55816,63.35472],[-170.86684,63.41399],[-171.10014,63.42344],[-171.26884,63.38564],[-171.33345,63.33582],[-171.46266,63.30661],[-171.56316,63.33496],[-171.73904,63.36588],[-171.82518,63.43719],[-171.85031,63.48529],[-171.83954,63.548]]],[[[-172.622,52.29862],[-172.56816,52.3493],[-172.44972,52.3914],[-172.40665,52.38968],[-172.30973,52.35617],[-172.31332,52.32095],[-172.41382,52.27714],[-172.52868,52.25395],[-172.60765,52.25309],[-172.622,52.29862]]],[[[-173.06349,60.50264],[-173.04195,60.56191],[-172.95222,60.60658],[-172.91274,60.60401],[-172.92709,60.55418],[-172.88402,60.50779],[-172.76558,60.44766],[-172.59329,60.39354],[-172.51432,60.38151],[-172.42459,60.39268],[-172.22,60.31193],[-172.29538,60.2956],[-172.32768,60.32739],[-172.51074,60.33426],[-172.60406,60.31966],[-172.7225,60.35917],[-172.93068,60.47601],[-173.06349,60.50264]]],[[[-173.0922,60.69936],[-173.06349,60.69507],[-173.04554,60.62291],[-173.11733,60.65899],[-173.0922,60.69936]]],[[[-174.04695,52.13282],[-173.92133,52.13282],[-173.80288,52.10619],[-173.77058,52.13196],[-173.72033,52.13024],[-173.60188,52.15344],[-173.51215,52.15258],[-173.53368,52.12852],[-173.49779,52.10361],[-173.46908,52.1165],[-173.35781,52.09588],[-173.27526,52.10962],[-173.23936,52.10017],[-173.1245,52.10962],[-173.10656,52.09932],[-172.9594,52.0933],[-173.04913,52.07354],[-173.10656,52.0787],[-173.15681,52.0598],[-173.31474,52.05894],[-173.3937,52.02887],[-173.42242,52.04262],[-173.47984,52.0263],[-173.54804,52.02973],[-173.61265,52.05121],[-173.79929,52.05379],[-173.8316,52.0409],[-173.93569,52.05722],[-173.97158,52.09932],[-174.01106,52.09846],[-174.04695,52.13282]]],[[[-175.32833,52.02715],[-175.13092,52.05894],[-175.09144,52.03489],[-175.00171,52.07784],[-174.99094,52.05894],[-174.92274,52.09158],[-174.90479,52.1165],[-174.84019,52.09158],[-174.74328,52.09846],[-174.71456,52.12766],[-174.69303,52.10705],[-174.5674,52.13883],[-174.56381,52.17491],[-174.40588,52.1835],[-174.45254,52.21872],[-174.2982,52.21443],[-174.25154,52.24364],[-174.25513,52.27456],[-174.36999,52.28058],[-174.45254,52.30549],[-174.4346,52.32783],[-174.35922,52.31408],[-174.31615,52.34501],[-174.32333,52.37851],[-174.18694,52.41803],[-174.06849,52.39054],[-173.98952,52.32525],[-173.98594,52.29862],[-174.06131,52.2256],[-174.18335,52.23247],[-174.1977,52.19553],[-174.07926,52.12766],[-174.09002,52.10705],[-174.14386,52.12509],[-174.20488,52.1165],[-174.21924,52.0933],[-174.27667,52.08987],[-174.34845,52.10962],[-174.41665,52.02801],[-174.50638,52.05464],[-174.7361,52.0074],[-174.78276,52.03231],[-174.88685,52.04262],[-174.9694,52.03746],[-175.01606,52.0074],[-175.09503,52.00052],[-175.21347,52.00568],[-175.32833,52.02715]]],[[[-175.51139,51.98248],[-175.45037,51.99709],[-175.42524,51.97217],[-175.50421,51.96874],[-175.51139,51.98248]]],[[[-175.5401,52.1835],[-175.48267,52.16718],[-175.52215,52.15687],[-175.5401,52.1835]]],[[[-175.7411,51.96702],[-175.72315,51.97475],[-175.57958,51.97217],[-175.57599,51.94984],[-175.64419,51.95242],[-175.72315,51.9318],[-175.7411,51.96702]]],[[[-175.95287,51.98334],[-175.91339,51.99537],[-175.81289,51.99451],[-175.75905,51.91719],[-175.81648,51.92149],[-175.87749,51.96358],[-175.95287,51.98334]]],[[[-176.20053,52.0787],[-176.15028,52.11736],[-176.05696,52.10962],[-175.9744,52.0409],[-176.04619,52.00825],[-175.99235,51.96015],[-176.03901,51.93094],[-176.10362,51.92922],[-176.16823,51.94812],[-176.15746,51.99709],[-176.18258,51.99881],[-176.2113,52.06495],[-176.20053,52.0787]]],[[[-176.23642,51.82613],[-176.21848,51.87424],[-176.1754,51.88283],[-176.13951,51.85964],[-176.07132,51.86823],[-176.11439,51.88713],[-175.99235,51.9129],[-175.95646,51.89314],[-175.96364,51.84589],[-176.04619,51.84589],[-175.99953,51.80122],[-176.10362,51.82613],[-176.09644,51.79177],[-176.13951,51.80208],[-176.15746,51.76858],[-176.18258,51.80723],[-176.23642,51.82613]]],[[[-176.99017,51.62941],[-176.95069,51.68697],[-176.89685,51.70071],[-176.87173,51.73164],[-176.91839,51.78834],[-176.90403,51.81153],[-176.78917,51.81754],[-176.76405,51.86823],[-176.81071,51.9275],[-176.77482,51.96616],[-176.72098,51.9696],[-176.65637,51.95242],[-176.58817,52.0031],[-176.55587,51.99107],[-176.5451,51.9275],[-176.61689,51.90259],[-176.62407,51.85964],[-176.57741,51.84246],[-176.50921,51.84589],[-176.39794,51.86823],[-176.29026,51.87252],[-176.26514,51.81754],[-176.29026,51.74195],[-176.3441,51.73164],[-176.47332,51.7471],[-176.51998,51.70243],[-176.58458,51.69212],[-176.63124,51.6569],[-176.7138,51.68353],[-176.73533,51.66205],[-176.7138,51.62082],[-176.75328,51.63542],[-176.79994,51.61309],[-176.8143,51.66034],[-176.86455,51.68525],[-176.93275,51.59247],[-176.983,51.60192],[-176.99017,51.62941]]],[[[-177.46396,51.91376],[-177.4173,51.92149],[-177.41012,51.89915],[-177.46037,51.88455],[-177.46396,51.91376]]],[[[-177.70444,51.70758],[-177.63984,51.73593],[-177.55369,51.72133],[-177.46037,51.75054],[-177.28091,51.78404],[-177.20553,51.82098],[-177.19835,51.93094],[-177.15528,51.94468],[-177.09785,51.93609],[-177.04401,51.8983],[-177.13734,51.81411],[-177.11939,51.74023],[-177.14451,51.70758],[-177.26296,51.68095],[-177.39218,51.73336],[-177.48909,51.70501],[-177.63266,51.69642],[-177.63625,51.65948],[-177.67214,51.66377],[-177.70444,51.70758]]],[[[-178.22489,51.88025],[-178.19618,51.90517],[-178.09209,51.91977],[-177.95211,51.91548],[-177.91262,51.8794],[-177.9198,51.85362],[-177.8516,51.82613],[-177.79777,51.84074],[-177.73316,51.82613],[-177.61471,51.85534],[-177.6506,51.82098],[-177.79777,51.79349],[-177.84084,51.7325],[-177.82648,51.70587],[-177.86955,51.67924],[-177.89827,51.69298],[-177.93057,51.65518],[-177.90185,51.60621],[-177.93057,51.60192],[-177.96287,51.65003],[-178.01312,51.62941],[-178.07055,51.67064],[-178.11721,51.67752],[-178.10286,51.70157],[-177.95569,51.72305],[-177.96646,51.77803],[-178.03825,51.77889],[-178.08491,51.80809],[-178.22489,51.86479],[-178.22489,51.88025]]],[[[-178.68073,51.60879],[-178.56587,51.59848],[-178.57664,51.58302],[-178.67355,51.58903],[-178.68073,51.60879]]],[[[-178.85661,51.57701],[-178.7597,51.5624],[-178.73457,51.54264],[-178.8243,51.54694],[-178.85661,51.57701]]],[[[-178.87096,51.79521],[-178.82071,51.83988],[-178.74893,51.80981],[-178.74893,51.75741],[-178.81712,51.74882],[-178.87096,51.79521]]],[[[-178.993,51.38114],[-178.96429,51.40262],[-178.92839,51.38372],[-178.91045,51.34077],[-178.95352,51.33905],[-178.98941,51.31156],[-178.993,51.38114]]],[[[-179.13657,51.28579],[-179.0935,51.30125],[-179.07196,51.25056],[-179.13657,51.22909],[-179.13657,51.28579]]],[[[179.48415,51.98248],[179.52722,51.98076],[179.57029,52.01083],[179.66361,52.02286],[179.77488,51.97046],[179.74258,51.91204],[179.65643,51.87596],[179.61336,51.87166],[179.52363,51.89658],[179.48415,51.92149],[179.48415,51.98248]]],[[[178.62631,51.63714],[178.64425,51.65776],[178.73757,51.63285],[178.80577,51.63542],[178.90268,51.61481],[178.91704,51.58817],[179.00318,51.55209],[179.10009,51.48509],[179.18983,51.46275],[179.22931,51.41379],[179.38724,51.40434],[179.46261,51.37599],[179.398,51.35966],[179.3657,51.37169],[179.26161,51.35795],[179.20777,51.39317],[179.06061,51.45502],[178.95293,51.54179],[178.84525,51.57873],[178.78424,51.57185],[178.70527,51.59333],[178.62631,51.63714]]],[[[178.44684,51.97819],[178.47915,51.98764],[178.55093,51.97389],[178.59041,51.94554],[178.54016,51.90345],[178.50427,51.90001],[178.44684,51.97819]]],[[[178.23866,51.82785],[178.30686,51.82184],[178.38223,51.76428],[178.30327,51.77717],[178.23866,51.82785]]],[[[178.09509,52.03317],[178.12022,52.05207],[178.18123,52.03317],[178.192,52.00396],[178.13098,51.98678],[178.09509,52.03317]]],[[[177.20495,51.89658],[177.29109,51.91977],[177.34493,51.96272],[177.48491,51.98506],[177.50645,52.03918],[177.56388,52.12165],[177.60336,52.13711],[177.67514,52.09244],[177.63207,52.06495],[177.60336,52.01599],[177.53157,51.97046],[177.60695,51.95499],[177.60695,51.92493],[177.56029,51.91634],[177.40954,51.93094],[177.34852,51.90431],[177.33416,51.84417],[177.29468,51.84589],[177.20495,51.88025],[177.20495,51.89658]]],[[[175.87332,52.37078],[175.96664,52.35961],[175.90203,52.33642],[175.87332,52.37078]]],[[[174.0679,52.73502],[174.14687,52.72815],[174.15764,52.70581],[174.07149,52.7187],[174.0679,52.73502]]],[[[173.95305,52.75134],[174.0033,52.74447],[174.0033,52.71956],[173.95305,52.75134]]],[[[173.8669,52.7754],[173.93869,52.7522],[173.89562,52.75048],[173.8669,52.7754]]],[[[173.35722,52.40514],[173.37876,52.43177],[173.44696,52.45497],[173.52951,52.44981],[173.62283,52.50737],[173.76999,52.51166],[173.70897,52.4773],[173.69103,52.44552],[173.72692,52.35617],[173.65155,52.35617],[173.59053,52.40085],[173.4649,52.38452],[173.35722,52.40514]]],[[[172.4599,52.92745],[172.6286,53.00133],[172.74704,53.01078],[173.10597,52.9936],[173.21006,52.93948],[173.29621,52.92659],[173.42183,52.84584],[173.42901,52.83038],[173.30338,52.8235],[173.22801,52.85615],[173.16699,52.79515],[173.13469,52.78399],[172.99829,52.79687],[172.90497,52.76165],[172.80806,52.78914],[172.76499,52.8235],[172.75422,52.87762],[172.63936,52.92573],[172.51374,52.90511],[172.4599,52.92745]]],[[[-131.24103,55.09228],[-131.20873,55.11204],[-131.17284,55.08798],[-131.19078,55.04331],[-131.24821,55.07252],[-131.24103,55.09228]]],[[[-131.48511,54.95053],[-131.26616,54.99864],[-131.24103,54.92992],[-131.19437,54.91789],[-131.26616,54.85947],[-131.3523,54.85861],[-131.47075,54.91274],[-131.48511,54.95053]]],[[[-131.6215,54.94624],[-131.52818,55.00208],[-131.49946,54.9806],[-131.59278,54.93078],[-131.6215,54.94624]]],[[[-131.64662,55.03558],[-131.58919,55.08884],[-131.59637,55.12578],[-131.54971,55.14296],[-131.59996,55.1799],[-131.60714,55.24004],[-131.58919,55.27354],[-131.54971,55.28127],[-131.48152,55.25378],[-131.46357,55.22372],[-131.41691,55.2177],[-131.35589,55.18334],[-131.35589,55.04159],[-131.38819,55.01239],[-131.48511,55.01067],[-131.53177,55.03816],[-131.61432,55.00723],[-131.64662,55.03558]]],[[[-131.86916,55.3646],[-131.8548,55.4213],[-131.83327,55.42216],[-131.64662,55.30619],[-131.68969,55.28213],[-131.69328,55.22372],[-131.74712,55.12836],[-131.82968,55.19193],[-131.86198,55.289],[-131.86916,55.3646]]],[[[-132.49011,56.50371],[-132.47575,56.54495],[-132.44345,56.51918],[-132.49011,56.50371]]],[[[-132.56189,56.37915],[-132.55471,56.40406],[-132.47934,56.43843],[-132.40396,56.40578],[-132.40755,56.38688],[-132.4937,56.3551],[-132.56189,56.37915]]],[[[-132.65163,56.4831],[-132.57984,56.51145],[-132.51882,56.55612],[-132.53677,56.51316],[-132.60138,56.44873],[-132.65163,56.4831]]],[[[-132.88852,54.97459],[-132.82391,54.97974],[-132.83827,54.93421],[-132.88852,54.97459]]],[[[-133.02491,56.22967],[-132.99979,56.2752],[-132.96389,56.25459],[-132.88493,56.17126],[-132.84904,56.11284],[-132.8957,56.09996],[-132.97107,56.15236],[-133.00338,56.1558],[-133.02491,56.22967]]],[[[-133.06798,56.35682],[-133.00338,56.43069],[-132.928,56.45647],[-132.82032,56.43928],[-132.73418,56.45818],[-132.63368,56.4221],[-132.61932,56.39118],[-132.68393,56.34565],[-132.66239,56.2752],[-132.71982,56.25888],[-132.87775,56.23998],[-132.9603,56.29582],[-133.04645,56.32073],[-133.06798,56.35682]]],[[[-133.31923,55.42645],[-133.24386,55.44965],[-133.25104,55.41013],[-133.30847,55.40068],[-133.31923,55.42645]]],[[[-133.56331,54.86892],[-133.531,54.86892],[-133.49511,54.75896],[-133.54895,54.78388],[-133.56331,54.86892]]],[[[-133.65663,55.62576],[-133.62432,55.64551],[-133.62073,55.69792],[-133.54895,55.67214],[-133.54536,55.64465],[-133.62432,55.5828],[-133.65663,55.62576]]],[[[-133.71047,55.67472],[-133.6674,55.68245],[-133.67099,55.65153],[-133.71047,55.67472]]],[[[-133.78943,55.45824],[-133.76072,55.53727],[-133.732,55.55875],[-133.61715,55.55102],[-133.58125,55.53727],[-133.58843,55.50721],[-133.64586,55.47112],[-133.61715,55.45738],[-133.54536,55.49174],[-133.52741,55.52868],[-133.48075,55.51236],[-133.41256,55.57078],[-133.34436,55.56906],[-133.28693,55.53555],[-133.30488,55.48401],[-133.35872,55.45394],[-133.42691,55.46683],[-133.47357,55.43676],[-133.41256,55.41786],[-133.41973,55.38608],[-133.4987,55.36804],[-133.57766,55.32508],[-133.60997,55.24176],[-133.69252,55.30876],[-133.6315,55.36116],[-133.63509,55.42817],[-133.73918,55.47198],[-133.78943,55.45824]]],[[[-133.81815,55.96422],[-133.77866,55.98312],[-133.69252,56.07075],[-133.59202,56.07934],[-133.55254,56.09652],[-133.6315,56.10769],[-133.63509,56.14806],[-133.58125,56.12916],[-133.54895,56.15837],[-133.67816,56.21163],[-133.62791,56.23655],[-133.66381,56.31043],[-133.58125,56.35252],[-133.41973,56.3319],[-133.16489,56.3173],[-133.07875,56.24686],[-133.03927,56.18414],[-133.05722,56.12487],[-133.00697,56.11971],[-132.9603,56.0613],[-132.89929,56.02006],[-132.83827,56.02436],[-132.63368,55.92213],[-132.59061,55.87746],[-132.47216,55.7821],[-132.46139,55.67386],[-132.3573,55.64895],[-132.32859,55.57851],[-132.29987,55.55102],[-132.18861,55.50806],[-132.14195,55.45824],[-132.17784,55.45308],[-132.24604,55.4926],[-132.51523,55.57679],[-132.526,55.55016],[-132.60855,55.48659],[-132.56907,55.47972],[-132.51882,55.52009],[-132.49011,55.50377],[-132.40755,55.51236],[-132.38961,55.48057],[-132.31782,55.46941],[-132.28193,55.44449],[-132.41832,55.43247],[-132.38961,55.40154],[-132.27475,55.41958],[-132.2245,55.37491],[-132.16707,55.36288],[-132.12759,55.28814],[-132.09887,55.28041],[-132.14195,55.23832],[-132.21373,55.24605],[-132.20655,55.21856],[-132.12759,55.19966],[-132.08811,55.20653],[-132.07734,55.24605],[-132.02709,55.27698],[-131.99478,55.25894],[-131.97684,55.18076],[-132.03068,55.15155],[-132.01632,55.12063],[-132.09529,55.03988],[-132.19937,55.00551],[-132.13477,54.98576],[-132.03786,55.03644],[-131.98402,55.02785],[-131.98402,54.85346],[-131.95889,54.79161],[-132.03068,54.70141],[-132.16348,54.69368],[-132.2568,54.73491],[-132.30705,54.71859],[-132.36807,54.75123],[-132.37166,54.78302],[-132.50805,54.7813],[-132.44704,54.82683],[-132.35012,54.81824],[-132.34654,54.85174],[-132.41473,54.88782],[-132.48293,54.89899],[-132.60855,54.966],[-132.57625,54.99864],[-132.54036,55.09743],[-132.5942,55.10517],[-132.63368,55.05534],[-132.60855,55.1421],[-132.57984,55.16616],[-132.61932,55.19966],[-132.63727,55.15241],[-132.73418,55.13437],[-132.68393,55.04589],[-132.74854,54.99606],[-132.91723,55.04417],[-132.93159,55.07424],[-132.87057,55.12406],[-132.93518,55.20997],[-133.00697,55.20568],[-133.04286,55.24863],[-133.11823,55.25121],[-133.07516,55.1842],[-133.01056,55.12836],[-132.98902,55.06651],[-133.01414,55.03558],[-132.9603,55.02098],[-132.88852,54.89641],[-132.80238,54.87408],[-132.81673,54.9239],[-132.73059,54.93937],[-132.63009,54.88353],[-132.61573,54.777],[-132.66598,54.76326],[-132.73059,54.82683],[-132.75572,54.82082],[-132.67316,54.67478],[-132.77725,54.67478],[-132.87057,54.70227],[-132.87775,54.75381],[-132.94954,54.78817],[-133.12541,54.94023],[-133.16131,54.95912],[-133.16848,55.03129],[-133.21156,55.03988],[-133.24027,55.09228],[-133.13618,55.09915],[-133.23309,55.1275],[-133.22232,55.22973],[-133.34077,55.20568],[-133.37666,55.22801],[-133.44127,55.21169],[-133.47357,55.24777],[-133.45204,55.31993],[-133.33359,55.3457],[-133.29411,55.29158],[-133.23309,55.30876],[-133.27975,55.33367],[-133.25822,55.36718],[-133.20797,55.38436],[-133.15772,55.37233],[-133.07875,55.41013],[-133.18284,55.4926],[-133.13259,55.50291],[-133.19002,55.5304],[-133.17566,55.5871],[-133.26181,55.56906],[-133.43768,55.6438],[-133.45204,55.66785],[-133.39461,55.66699],[-133.42691,55.70994],[-133.41615,55.74001],[-133.51306,55.75547],[-133.49152,55.70651],[-133.52741,55.69534],[-133.64227,55.72884],[-133.6997,55.77867],[-133.65663,55.82334],[-133.55613,55.83537],[-133.42332,55.78898],[-133.32282,55.81904],[-133.38384,55.8766],[-133.44845,55.89035],[-133.49152,55.87316],[-133.52382,55.88777],[-133.49511,55.91354],[-133.50229,55.94962],[-133.47716,56.00374],[-133.49511,56.01749],[-133.54177,55.97711],[-133.63868,55.92127],[-133.71765,55.89292],[-133.8002,55.92557],[-133.81815,55.96422]]],[[[-133.88275,57.30092],[-133.82891,57.3224],[-133.77866,57.29405],[-133.87557,57.26742],[-133.88275,57.30092]]],[[[-133.94377,55.91268],[-133.89352,55.93673],[-133.85404,55.93158],[-133.83968,55.88691],[-133.8684,55.84567],[-133.90429,55.84825],[-133.94377,55.91268]]],[[[-134.36731,55.91096],[-134.26681,55.92986],[-134.26322,55.89292],[-134.15195,55.92127],[-134.12324,55.9857],[-134.09811,55.98398],[-134.13041,55.89722],[-134.20938,55.8766],[-134.28117,55.82849],[-134.34577,55.8431],[-134.31706,55.86887],[-134.36731,55.91096]]],[[[-134.41397,56.8482],[-134.35295,56.89287],[-134.29552,56.90747],[-134.2704,56.93582],[-134.15195,56.93496],[-134.14836,56.9573],[-134.04786,56.92294],[-134.00838,56.85163],[-133.94377,56.80524],[-133.8325,56.80353],[-133.8002,56.78549],[-133.76431,56.80782],[-133.8684,56.84562],[-133.91506,56.91434],[-133.92224,56.96159],[-134.04786,57.02946],[-134.00838,57.07499],[-133.88634,57.09732],[-133.70329,57.06554],[-133.61356,57.05781],[-133.44486,57.02001],[-133.33359,57.00283],[-133.30847,57.01485],[-133.10388,57.00541],[-132.9962,56.94183],[-132.94595,56.87139],[-132.93518,56.82328],[-132.90288,56.80353],[-132.82032,56.79408],[-132.76289,56.75284],[-132.74495,56.71332],[-132.6265,56.66865],[-132.5942,56.61367],[-132.54036,56.58447],[-132.65163,56.55182],[-132.72341,56.51574],[-132.81673,56.49512],[-132.87416,56.50887],[-132.98543,56.5123],[-133.13977,56.53292],[-133.12182,56.49169],[-133.20438,56.44788],[-133.34795,56.46935],[-133.41615,56.49426],[-133.45922,56.45389],[-133.51306,56.43671],[-133.60279,56.43499],[-133.66381,56.44788],[-133.67457,56.52261],[-133.71406,56.5501],[-133.82174,56.49512],[-133.77507,56.47021],[-133.78225,56.3929],[-133.86481,56.39032],[-133.87199,56.36369],[-133.83609,56.31988],[-133.87557,56.27606],[-133.88275,56.2228],[-133.94377,56.17985],[-133.92941,56.14635],[-133.96172,56.09137],[-133.99761,56.08192],[-134.08734,56.0948],[-134.13759,56.00632],[-134.19143,56.02264],[-134.2345,56.06731],[-134.25963,56.12143],[-134.26322,56.21507],[-134.29911,56.28981],[-134.29193,56.35424],[-134.24168,56.39547],[-134.25245,56.44444],[-134.19861,56.5312],[-134.24168,56.55526],[-134.32065,56.5544],[-134.3027,56.62055],[-134.37449,56.66865],[-134.4032,56.73308],[-134.39602,56.77002],[-134.41397,56.8482]]],[[[-134.95954,58.40395],[-134.8052,58.32148],[-134.78008,58.28111],[-134.72983,58.27338],[-134.70111,58.1617],[-134.63292,58.16256],[-134.55754,58.1952],[-134.51806,58.17544],[-134.44627,58.17373],[-134.3709,58.14881],[-134.17708,58.15998],[-134.18784,58.08353],[-134.09811,58.0191],[-134.09093,57.97442],[-134.01556,57.92975],[-133.96531,57.85502],[-133.90429,57.80777],[-133.89711,57.68578],[-133.82174,57.63424],[-133.80738,57.5784],[-133.83968,57.57668],[-133.85763,57.61706],[-133.99402,57.72014],[-134.02991,57.81893],[-134.09811,57.85072],[-134.13041,57.89625],[-134.20579,57.89625],[-134.11247,57.80948],[-134.09811,57.78028],[-134.14477,57.76052],[-134.01915,57.65657],[-133.93659,57.61448],[-133.94377,57.56122],[-133.85763,57.46414],[-133.92582,57.4693],[-133.87199,57.38167],[-133.87199,57.35848],[-133.96172,57.30522],[-134.0335,57.32755],[-134.09452,57.32669],[-134.08016,57.29749],[-134.15554,57.20814],[-134.29193,57.13684],[-134.37808,57.11536],[-134.38525,57.08702],[-134.49652,57.03118],[-134.60061,57.03375],[-134.63292,57.11021],[-134.64727,57.22618],[-134.5719,57.29491],[-134.51806,57.31467],[-134.57549,57.3413],[-134.57908,57.40057],[-134.52883,57.40573],[-134.48575,57.37222],[-134.46422,57.39198],[-134.60779,57.51311],[-134.61138,57.56293],[-134.67599,57.61448],[-134.69393,57.68492],[-134.73342,57.72186],[-134.7047,57.82924],[-134.74777,57.89883],[-134.75854,57.98044],[-134.79802,58.05861],[-134.78367,58.09641],[-134.85545,58.1763],[-134.91647,58.21496],[-134.94877,58.28111],[-134.97031,58.36787],[-134.95954,58.40395]]],[[[-135.02774,58.51993],[-134.90211,58.48127],[-134.8052,58.37389],[-134.84109,58.36959],[-134.92006,58.46838],[-135.00261,58.48471],[-135.02774,58.51993]]],[[[-135.35077,59.0199],[-135.29694,58.95891],[-135.29694,58.91939],[-135.33283,58.9443],[-135.35077,59.0199]]],[[[-135.69535,57.36277],[-135.63792,57.37222],[-135.63433,57.39456],[-135.53383,57.4504],[-135.54819,57.50881],[-135.41897,57.56379],[-135.35436,57.55349],[-135.26463,57.48047],[-135.21079,57.48906],[-135.14618,57.43923],[-135.06363,57.41861],[-134.92724,57.42205],[-134.84827,57.41002],[-134.8052,57.34216],[-134.81238,57.30006],[-134.88417,57.33013],[-134.95236,57.32841],[-134.95595,57.30951],[-134.88058,57.28804],[-134.84109,57.24852],[-134.73701,57.0097],[-134.74059,56.94871],[-134.69752,56.9006],[-134.69752,56.85077],[-134.63292,56.72879],[-134.61497,56.63687],[-134.63292,56.54065],[-134.6724,56.54151],[-134.64368,56.47193],[-134.63292,56.26575],[-134.66522,56.1704],[-134.7047,56.17555],[-134.8052,56.23569],[-134.84109,56.30957],[-134.91647,56.36025],[-135.06004,56.54237],[-135.04568,56.58361],[-134.96672,56.60337],[-135.03133,56.62914],[-135.12465,56.60251],[-135.1749,56.6781],[-135.21438,56.66522],[-135.2754,56.7013],[-135.31847,56.74855],[-135.31129,56.77775],[-135.36154,56.75885],[-135.39744,56.77947],[-135.50511,56.78119],[-135.57331,56.86366],[-135.50511,56.86624],[-135.46922,56.84132],[-135.43333,56.85249],[-135.4441,56.94269],[-135.3759,56.98822],[-135.35436,57.02087],[-135.49435,57.09475],[-135.4082,57.14887],[-135.42256,57.16777],[-135.37231,57.19783],[-135.35795,57.24336],[-135.4764,57.25711],[-135.55178,57.23306],[-135.60203,57.30092],[-135.69535,57.36277]]],[[[-135.72765,58.3653],[-135.67022,58.38076],[-135.60203,58.37475],[-135.5446,58.33008],[-135.64869,58.32492],[-135.72765,58.3653]]],[[[-135.85328,57.24079],[-135.83892,57.28202],[-135.84969,57.33872],[-135.75995,57.34645],[-135.63792,57.29319],[-135.58408,57.22962],[-135.54101,57.2133],[-135.47999,57.23907],[-135.39744,57.23048],[-135.45486,57.16004],[-135.54101,57.14801],[-135.63792,57.0097],[-135.68099,57.01485],[-135.82456,56.98908],[-135.85687,56.99596],[-135.8461,57.08358],[-135.75636,57.12396],[-135.75278,57.16691],[-135.83174,57.17034],[-135.82456,57.19526],[-135.87122,57.22189],[-135.85328,57.24079]]],[[[-136.15478,58.59724],[-136.12247,58.60927],[-136.09735,58.55859],[-136.15478,58.59724]]],[[[-136.15478,58.28369],[-136.0471,58.31891],[-136.03633,58.27338],[-136.09376,58.25706],[-136.15478,58.28369]]],[[[-136.57472,57.92718],[-136.55678,58.07665],[-136.49935,58.105],[-136.47063,58.09727],[-136.36654,58.14881],[-136.35578,58.19263],[-136.39885,58.27166],[-136.28399,58.26994],[-136.28399,58.22355],[-136.24092,58.17201],[-136.14042,58.22441],[-136.03633,58.21926],[-135.97531,58.20208],[-135.91429,58.24417],[-135.78508,58.28712],[-135.73483,58.23987],[-135.58767,58.2141],[-135.49794,58.16857],[-135.54101,58.10157],[-135.65228,58.03628],[-135.63792,57.99418],[-135.59485,57.98989],[-135.56613,58.04143],[-135.45127,58.13421],[-135.39744,58.14452],[-135.2754,58.09727],[-135.11029,58.08868],[-135.07081,58.06119],[-134.96672,58.04744],[-134.91288,57.97958],[-134.92724,57.92202],[-135.0062,57.88422],[-135.13901,57.92632],[-135.1749,57.91944],[-135.13183,57.88508],[-135.06722,57.86962],[-134.94877,57.80519],[-135.02415,57.78028],[-135.11388,57.77856],[-135.09952,57.75451],[-135.02415,57.74334],[-134.9416,57.76395],[-134.91647,57.68234],[-134.86622,57.62307],[-134.82315,57.50022],[-134.8734,57.46414],[-135.02415,57.45469],[-135.08517,57.465],[-135.2431,57.54661],[-135.4764,57.63166],[-135.57331,57.67461],[-135.65228,57.65228],[-135.68458,57.67719],[-135.69894,57.6497],[-135.59126,57.60245],[-135.51229,57.59558],[-135.58767,57.56895],[-135.56613,57.54747],[-135.56613,57.48562],[-135.59844,57.44267],[-135.7097,57.36793],[-135.89276,57.4083],[-135.89635,57.44095],[-136.0471,57.51397],[-136.11888,57.59128],[-136.16196,57.55864],[-136.23015,57.59558],[-136.26604,57.66344],[-136.25169,57.68492],[-136.31629,57.7588],[-136.30912,57.77942],[-136.36654,57.82838],[-136.45987,57.85416],[-136.48499,57.89625],[-136.57472,57.92718]]],[[[-145.65564,60.36776],[-145.55514,60.35574],[-145.51207,60.31794],[-145.60898,60.31021],[-145.65564,60.36776]]],[[[-146.01098,60.39611],[-145.95355,60.40814],[-145.74537,60.3858],[-145.75614,60.35917],[-145.83151,60.35058],[-146.01098,60.39611]]],[[[-147.32107,60.88062],[-147.22775,60.91069],[-147.13084,60.91327],[-147.077,60.89952],[-147.14161,60.85399],[-147.32107,60.88062]]],[[[-147.50053,60.65383],[-147.48618,60.72771],[-147.38568,60.74146],[-147.3103,60.665],[-147.34978,60.6272],[-147.48259,60.61861],[-147.50053,60.65383]]],[[[-147.50412,60.25351],[-147.49695,60.26554],[-147.34261,60.30591],[-147.33902,60.27499],[-147.48259,60.2243],[-147.50412,60.25351]]],[[[-147.92766,59.7836],[-147.89895,59.80164],[-147.88818,59.86264],[-147.80562,59.87295],[-147.81639,59.90903],[-147.74102,59.95542],[-147.68359,59.96143],[-147.69436,59.99665],[-147.58668,60.02586],[-147.55437,60.05163],[-147.40003,60.11606],[-147.32107,60.21743],[-147.22416,60.25523],[-147.23493,60.28959],[-147.19903,60.35058],[-147.10212,60.37979],[-147.08777,60.34285],[-147.00162,60.34457],[-147.06264,60.30076],[-147.03034,60.28615],[-146.94419,60.31021],[-146.91548,60.29131],[-146.95496,60.25952],[-147.1775,60.15815],[-147.35337,60.04734],[-147.38209,59.97861],[-147.50053,59.92707],[-147.39286,59.8781],[-147.46105,59.84202],[-147.54361,59.83515],[-147.62257,59.84803],[-147.68359,59.79907],[-147.71589,59.80422],[-147.87741,59.76385],[-147.92766,59.7836]]],[[[-147.9492,60.24406],[-147.79127,60.47601],[-147.75179,60.44078],[-147.70871,60.45195],[-147.72307,60.50865],[-147.56514,60.58081],[-147.56514,60.53442],[-147.60821,60.50693],[-147.61898,60.43649],[-147.69077,60.4047],[-147.61898,60.36862],[-147.70512,60.2853],[-147.69795,60.24578],[-147.75896,60.15644],[-147.84511,60.19509],[-147.85587,60.21657],[-147.94561,60.22258],[-147.9492,60.24406]]],[[[-148.02098,60.72513],[-147.96714,60.75176],[-147.90613,60.73544],[-147.84511,60.69421],[-147.93125,60.65555],[-148.02098,60.72513]]]]}},{"type":"Feature","id":"AL","properties":{"abbr":"AL","name":"Alabama","fips":"01"},"geometry":{"type":"MultiPolygon","coordinates":[[[[-88.33102,30.23539],[-88.13002,30.26202],[-88.12643,30.28349],[-88.07618,30.24913],[-88.10849,30.22508],[-88.14438,30.23882],[-88.20899,30.23711],[-88.28077,30.2225],[-88.33102,30.23539]]],[[[-88.20181,34.99544],[-88.20181,35.00832],[-87.66341,35.00317],[-87.43729,35.00317],[-86.863,34.992],[-86.5292,34.99028],[-86.39639,34.992],[-85.8257,34.98856],[-85.60675,34.98427],[-85.55291,34.70851],[-85.47036,34.32795],[-85.40575,34.00236],[-85.35909,33.7498],[-85.30525,33.48263],[-85.1868,32.87012],[-85.1545,32.84263],[-85.16886,32.81171],[-85.12219,32.77305],[-85.10425,32.64505],[-85.06836,32.5832],[-85.00734,32.52392],[-84.99657,32.45348],[-84.96427,32.42255],[-85.00016,32.32204],[-84.93555,32.29799],[-84.89248,32.26363],[-84.92837,32.21896],[-84.96785,32.21896],[-84.96068,32.19834],[-85.01093,32.1803],[-85.05759,32.13563],[-85.04682,32.08752],[-85.054,32.01364],[-85.07912,31.93976],[-85.12937,31.87791],[-85.14014,31.83925],[-85.11861,31.73273],[-85.12578,31.69493],[-85.05759,31.62019],[-85.04682,31.5171],[-85.07194,31.46814],[-85.06477,31.4312],[-85.09348,31.36247],[-85.08989,31.29461],[-85.11502,31.27657],[-85.09707,31.23276],[-85.10784,31.18637],[-85.03605,31.10819],[-85.01093,31.05321],[-85.00375,31.00081],[-85.24423,31.00081],[-85.49907,30.99651],[-85.89389,30.99308],[-86.51843,30.99308],[-87.00298,30.99909],[-87.59881,30.99737],[-87.58804,30.96473],[-87.6347,30.86594],[-87.62752,30.84618],[-87.54497,30.77831],[-87.5342,30.74309],[-87.40499,30.67437],[-87.39422,30.61509],[-87.44806,30.52747],[-87.43729,30.48022],[-87.3655,30.43641],[-87.43011,30.40634],[-87.45882,30.3359],[-87.49113,30.32301],[-87.466,30.30239],[-87.51984,30.28006],[-87.65624,30.24999],[-87.79981,30.22937],[-88.00081,30.22594],[-87.9362,30.26116],[-87.89313,30.23882],[-87.7675,30.26202],[-87.75674,30.29123],[-87.81058,30.33246],[-87.8357,30.3694],[-87.90749,30.40978],[-87.93261,30.48709],[-87.90031,30.55066],[-87.91108,30.61595],[-87.9362,30.65719],[-88.00799,30.68468],[-88.06183,30.64516],[-88.05465,30.61251],[-88.08695,30.56355],[-88.08336,30.52833],[-88.1049,30.50084],[-88.10849,30.37713],[-88.1372,30.32043],[-88.19104,30.317],[-88.18745,30.34792],[-88.25924,30.38229],[-88.31308,30.36854],[-88.33102,30.3883],[-88.39563,30.3694],[-88.4064,30.56011],[-88.41717,30.8668],[-88.4387,31.23018],[-88.4746,31.89423],[-88.44229,32.13735],[-88.36692,32.74728],[-88.34897,32.9294],[-88.23052,33.89155],[-88.20899,34.02899],[-88.14079,34.58137],[-88.09772,34.89235],[-88.15515,34.92242],[-88.20181,34.99544]]]]}},{"type":"Feature","id":"AR","properties":{"abbr":"AR","name":"Arkansas","fips":"05"},"geometry":{"type":"Polygon","coordinates":[[[-94.61947,36.49965],[-93.86571,36.49879],[-93.06889,36.49793],[-92.5628,36.49793],[-91.40346,36.49707],[-90.1508,36.49793],[-90.13285,36.43694],[-90.14362,36.42405],[-90.06465,36.38625],[-90.0826,36.272],[-90.1149,36.26599],[-90.12567,36.22905],[-90.1831,36.20499],[-90.23694,36.15946],[-90.23694,36.1397],[-90.31949,36.08988],[-90.37692,35.99538],[-89.73444,36.00054],[-89.72008,35.96789],[-89.65547,35.9258],[-89.65547,35.88714],[-89.74162,35.9069],[-89.77392,35.86481],[-89.70213,35.83388],[-89.74162,35.80553],[-89.7811,35.80467],[-89.8134,35.76],[-89.87442,35.7411],[-89.90672,35.75914],[-89.96056,35.72392],[-89.93903,35.6655],[-89.90672,35.6509],[-89.86365,35.67066],[-89.85288,35.63801],[-89.94621,35.60193],[-89.94262,35.5564],[-89.91031,35.54781],[-89.92108,35.51345],[-90.00005,35.56156],[-90.03235,35.55383],[-90.0503,35.504],[-90.01799,35.46792],[-90.05747,35.40349],[-90.08619,35.47909],[-90.16874,35.42153],[-90.17951,35.38201],[-90.13644,35.37686],[-90.12926,35.4138],[-90.07542,35.38373],[-90.10772,35.34336],[-90.10772,35.3047],[-90.16515,35.29611],[-90.1508,35.25573],[-90.09696,35.24972],[-90.07542,35.22481],[-90.11849,35.18787],[-90.06465,35.13804],[-90.10055,35.11656],[-90.14362,35.1346],[-90.17592,35.11227],[-90.20822,35.02636],[-90.29796,35.03753],[-90.30872,34.99544],[-90.24771,34.94819],[-90.24771,34.90953],[-90.31231,34.87173],[-90.42358,34.83393],[-90.43794,34.88462],[-90.47742,34.88634],[-90.4846,34.86142],[-90.45589,34.82362],[-90.47383,34.80215],[-90.4523,34.7403],[-90.50255,34.72397],[-90.52049,34.75318],[-90.51331,34.80215],[-90.54921,34.77895],[-90.54203,34.74889],[-90.56715,34.73686],[-90.54562,34.7025],[-90.47383,34.70078],[-90.46665,34.67415],[-90.5169,34.6312],[-90.55639,34.64666],[-90.5528,34.68875],[-90.58869,34.67071],[-90.58869,34.61573],[-90.54562,34.56333],[-90.54203,34.54014],[-90.58869,34.49632],[-90.56715,34.42502],[-90.65689,34.37605],[-90.65689,34.32193],[-90.69278,34.32279],[-90.68201,34.36918],[-90.75021,34.36832],[-90.76815,34.34513],[-90.73944,34.30647],[-90.76456,34.2807],[-90.83276,34.26781],[-90.84712,34.20682],[-90.90455,34.24376],[-90.93685,34.21885],[-90.8866,34.18191],[-90.81481,34.18277],[-90.80764,34.16129],[-90.8543,34.13724],[-90.91173,34.16559],[-90.9548,34.1381],[-90.92249,34.09428],[-90.88301,34.09686],[-90.87224,34.07624],[-90.90096,34.02384],[-90.9871,34.01869],[-90.96198,33.98003],[-91.00146,33.96628],[-91.0194,34.00322],[-91.07683,33.98346],[-91.0876,33.95855],[-91.00864,33.92934],[-91.07324,33.86234],[-91.04812,33.81509],[-90.99069,33.79275],[-91.02658,33.76355],[-91.0553,33.77901],[-91.14144,33.77729],[-91.14503,33.72661],[-91.10914,33.70427],[-91.06248,33.7163],[-91.03376,33.67334],[-91.07683,33.65788],[-91.13426,33.67678],[-91.15939,33.70685],[-91.22041,33.6931],[-91.22758,33.66905],[-91.13785,33.62524],[-91.13067,33.59689],[-91.23117,33.56167],[-91.18451,33.50755],[-91.23476,33.43882],[-91.17015,33.45257],[-91.17374,33.49638],[-91.12349,33.47318],[-91.13785,33.42679],[-91.19887,33.4182],[-91.20964,33.40188],[-91.17374,33.38126],[-91.11273,33.39329],[-91.07683,33.456],[-91.05889,33.42851],[-91.14144,33.3512],[-91.14144,33.29622],[-91.09837,33.2378],[-91.0876,33.27388],[-91.05171,33.28505],[-91.04453,33.26529],[-91.09119,33.22062],[-91.08401,33.15619],[-91.09478,33.13643],[-91.14503,33.12956],[-91.18451,33.14159],[-91.20246,33.10808],[-91.1199,33.05482],[-91.16657,33.00414],[-91.95262,33.00757],[-92.50537,33.01187],[-93.06889,33.01788],[-93.37757,33.01788],[-94.04159,33.0196],[-94.04159,33.54191],[-94.04518,33.55136],[-94.04518,33.55136],[-94.10261,33.57026],[-94.12414,33.55222],[-94.14209,33.57799],[-94.18516,33.59259],[-94.22464,33.55308],[-94.30002,33.57627],[-94.31079,33.55136],[-94.3395,33.56682],[-94.35745,33.54363],[-94.39334,33.55136],[-94.38616,33.58228],[-94.41847,33.57713],[-94.45795,33.59861],[-94.45795,33.64499],[-94.48666,33.63812],[-94.46872,34.18964],[-94.46154,34.54787],[-94.45436,34.69391],[-94.45077,34.89579],[-94.44,35.12],[-94.43282,35.39404],[-94.48666,35.7265],[-94.50102,35.79694],[-94.55127,36.10191],[-94.57281,36.21101],[-94.59793,36.38797],[-94.61947,36.49965]]]}},{"type":"Feature","id":"AZ","properties":{"abbr":"AZ","name":"Arizona","fips":"04"},"geometry":{"type":"Polygon","coordinates":[[[-114.71951,32.71893],[-114.70157,32.74556],[-114.61542,32.73439],[-114.52569,32.75673],[-114.53287,32.79109],[-114.46826,32.84521],[-114.46467,32.91308],[-114.51851,33.02991],[-114.57594,33.03678],[-114.60107,33.02561],[-114.64773,33.04709],[-114.65849,33.03249],[-114.70874,33.0909],[-114.68362,33.14846],[-114.67644,33.27044],[-114.73028,33.30567],[-114.69798,33.36151],[-114.72669,33.40532],[-114.65849,33.41305],[-114.55799,33.5316],[-114.52569,33.55222],[-114.54005,33.59173],[-114.52569,33.68623],[-114.49698,33.69654],[-114.50416,33.76011],[-114.52928,33.81509],[-114.52569,33.8589],[-114.50416,33.86406],[-114.51133,33.9113],[-114.53646,33.92848],[-114.43596,34.02814],[-114.43596,34.08741],[-114.40724,34.11146],[-114.32469,34.13638],[-114.2888,34.17074],[-114.22778,34.18878],[-114.22419,34.2051],[-114.13446,34.26094],[-114.13805,34.30303],[-114.17753,34.34942],[-114.22778,34.36575],[-114.33905,34.45165],[-114.38571,34.45767],[-114.37853,34.50749],[-114.47185,34.71281],[-114.55441,34.76693],[-114.57953,34.8262],[-114.63696,34.87517],[-114.63337,35.00145],[-114.61183,35.08306],[-114.64773,35.10196],[-114.57235,35.1389],[-114.57235,35.20075],[-114.60466,35.35366],[-114.62619,35.4095],[-114.66567,35.44988],[-114.68003,35.4997],[-114.65849,35.53063],[-114.65849,35.61911],[-114.6908,35.65176],[-114.68003,35.68526],[-114.70516,35.71189],[-114.69439,35.7557],[-114.71233,35.80639],[-114.69798,35.8545],[-114.66567,35.87511],[-114.70157,35.90174],[-114.74464,35.98507],[-114.73028,36.02201],[-114.75541,36.09074],[-114.66567,36.11737],[-114.63337,36.14228],[-114.61542,36.13025],[-114.57235,36.15173],[-114.51133,36.15087],[-114.50416,36.1294],[-114.41801,36.14572],[-114.37135,36.14314],[-114.30674,36.08215],[-114.31392,36.05809],[-114.23855,36.01428],[-114.1524,36.02373],[-114.06626,36.18094],[-114.04831,36.19383],[-114.04473,36.39141],[-114.0519,36.62507],[-114.0519,37.00048],[-113.33405,37.00048],[-112.53722,37.00048],[-111.41377,37.00134],[-111.06561,37.0022],[-110.49132,37.00392],[-110.46979,36.9979],[-109.6263,36.9979],[-109.04484,36.99876],[-109.04484,35.54609],[-109.04843,35.3425],[-109.04484,35.31673],[-109.04484,34.52209],[-109.04843,33.99979],[-109.04484,33.87522],[-109.04843,33.77815],[-109.04843,31.33241],[-109.27814,31.33412],[-109.99959,31.33327],[-110.45902,31.33241],[-111.07638,31.33241],[-112.36494,31.74132],[-113.12587,31.97241],[-113.49197,32.08924],[-114.81283,32.49385],[-114.79489,32.55055],[-114.81283,32.56516],[-114.80925,32.6167],[-114.78053,32.63045],[-114.71951,32.71893]]]}},{"type":"Feature","id":"CA","properties":{"abbr":"CA","name":"California","fips":"06"},"geometry":{"type":"MultiPolygon","coordinates":[[[[-118.60313,33.47834],[-118.5457,33.47404],[-118.4452,33.42851],[-118.36982,33.40961],[-118.36624,33.38814],[-118.30881,33.33573],[-118.32675,33.29879],[-118.37341,33.32027],[-118.46674,33.32628],[-118.48827,33.35635],[-118.48827,33.41992],[-118.56006,33.43367],[-118.60313,33.47834]]],[[[-118.60672,33.03077],[-118.57441,33.0342],[-118.49545,32.93369],[-118.35188,32.82202],[-118.38777,32.82545],[-118.42725,32.80655],[-118.48827,32.84435],[-118.53493,32.9062],[-118.58518,33.00843],[-118.60672,33.03077]]],[[[-119.05897,33.49122],[-119.03025,33.49724],[-119.02667,33.46202],[-119.06615,33.46803],[-119.05897,33.49122]]],[[[-119.43226,34.02899],[-119.40354,34.01439],[-119.36406,34.02642],[-119.36406,34.00065],[-119.42508,33.99721],[-119.45738,34.01525],[-119.43226,34.02899]]],[[[-119.57942,33.27904],[-119.52917,33.28505],[-119.45738,33.25498],[-119.42867,33.22835],[-119.47533,33.21547],[-119.54711,33.23351],[-119.57942,33.27904]]],[[[-119.9204,34.0771],[-119.85579,34.07109],[-119.80913,34.05219],[-119.75529,34.05648],[-119.6871,34.01954],[-119.6189,34.01611],[-119.59377,34.04961],[-119.52199,34.03243],[-119.56147,33.99549],[-119.66197,33.98604],[-119.72299,33.95941],[-119.87374,33.98003],[-119.87733,34.03243],[-119.9204,34.0771]]],[[[-120.24703,34.0015],[-120.16806,34.00838],[-120.13576,34.02642],[-120.0891,34.01954],[-120.04244,34.03587],[-120.04244,33.99463],[-119.97783,33.98346],[-119.97424,33.94223],[-120.1214,33.89584],[-120.17883,33.92763],[-120.24703,34.0015]]],[[[-120.44803,34.03759],[-120.3906,34.05219],[-120.36906,34.07624],[-120.34753,34.04618],[-120.30086,34.02384],[-120.37624,34.01869],[-120.44803,34.03759]]],[[[-124.2132,41.99849],[-123.65685,41.99506],[-123.62455,42.00021],[-123.34818,41.99935],[-123.14718,42.00966],[-123.04667,42.00279],[-122.63391,42.0045],[-122.5011,42.0088],[-122.16012,42.00794],[-121.9986,42.00365],[-121.44585,41.99677],[-121.03667,41.99334],[-120.32958,41.99334],[-119.99936,41.99506],[-119.99936,41.9942],[-119.99936,40.75028],[-119.99577,40.72107],[-119.99577,40.07162],[-119.99936,39.73401],[-120.00295,39.72284],[-120.00295,39.33025],[-120.00654,39.22545],[-119.99936,38.99951],[-119.90604,38.93337],[-119.49327,38.64988],[-119.08409,38.36123],[-118.85797,38.20488],[-118.50263,37.94888],[-118.05397,37.62502],[-117.83143,37.46523],[-117.37559,37.12676],[-116.25214,36.27715],[-115.41225,35.62513],[-115.161,35.42411],[-114.63337,35.00145],[-114.63696,34.87517],[-114.57953,34.8262],[-114.55441,34.76693],[-114.47185,34.71281],[-114.37853,34.50749],[-114.38571,34.45767],[-114.33905,34.45165],[-114.22778,34.36575],[-114.17753,34.34942],[-114.13805,34.30303],[-114.13446,34.26094],[-114.22419,34.2051],[-114.22778,34.18878],[-114.2888,34.17074],[-114.32469,34.13638],[-114.40724,34.11146],[-114.43596,34.08741],[-114.43596,34.02814],[-114.53646,33.92848],[-114.51133,33.9113],[-114.50416,33.86406],[-114.52569,33.8589],[-114.52928,33.81509],[-114.50416,33.76011],[-114.49698,33.69654],[-114.52569,33.68623],[-114.54005,33.59173],[-114.52569,33.55222],[-114.55799,33.5316],[-114.65849,33.41305],[-114.72669,33.40532],[-114.69798,33.36151],[-114.73028,33.30567],[-114.67644,33.27044],[-114.68362,33.14846],[-114.70874,33.0909],[-114.65849,33.03249],[-114.64773,33.04709],[-114.60107,33.02561],[-114.57594,33.03678],[-114.51851,33.02991],[-114.46467,32.91308],[-114.46826,32.84521],[-114.53287,32.79109],[-114.52569,32.75673],[-114.61542,32.73439],[-114.70157,32.74556],[-114.71951,32.71893],[-116.21266,32.61069],[-117.12434,32.53423],[-117.13511,32.61842],[-117.16741,32.67168],[-117.19613,32.68886],[-117.24638,32.6691],[-117.25714,32.7258],[-117.25355,32.78679],[-117.28227,32.82202],[-117.24997,32.87442],[-117.28227,33.01273],[-117.32893,33.12183],[-117.36123,33.16822],[-117.5048,33.33402],[-117.59454,33.38642],[-117.63043,33.43023],[-117.68427,33.46202],[-117.71657,33.4603],[-117.78477,33.54191],[-117.87809,33.59259],[-117.92834,33.60548],[-118.00013,33.65444],[-118.08986,33.73004],[-118.176,33.76355],[-118.18318,33.72317],[-118.25856,33.70341],[-118.32316,33.71544],[-118.35906,33.73691],[-118.4129,33.74207],[-118.42725,33.77471],[-118.39495,33.80392],[-118.39136,33.84086],[-118.44161,33.94051],[-118.48109,33.99549],[-118.54211,34.03844],[-118.66774,34.0393],[-118.7467,34.03243],[-118.80413,34.0015],[-118.85438,34.03415],[-118.95488,34.04789],[-119.08768,34.09858],[-119.13076,34.1003],[-119.2169,34.14583],[-119.27792,34.26695],[-119.31381,34.27554],[-119.37483,34.32107],[-119.38918,34.3185],[-119.46097,34.37434],[-119.53635,34.39581],[-119.55788,34.41299],[-119.67274,34.41643],[-119.73017,34.39581],[-119.79477,34.41729],[-119.87374,34.4087],[-120.00654,34.46024],[-120.0891,34.46024],[-120.14294,34.47313],[-120.30086,34.46712],[-120.47315,34.44822],[-120.47674,34.47485],[-120.5234,34.53154],[-120.58083,34.55732],[-120.6239,34.55388],[-120.64544,34.58137],[-120.59878,34.70422],[-120.63826,34.75576],[-120.60954,34.85799],[-120.67056,34.90438],[-120.63826,35.00317],[-120.63467,35.12344],[-120.69928,35.17154],[-120.74953,35.17756],[-120.76029,35.15952],[-120.85721,35.20677],[-120.89669,35.248],[-120.86079,35.36054],[-120.86797,35.40349],[-120.90746,35.44902],[-121.00437,35.46105],[-121.10128,35.54867],[-121.16588,35.63544],[-121.25203,35.65691],[-121.31305,35.71361],[-121.33099,35.78319],[-121.38842,35.82357],[-121.41355,35.85536],[-121.4638,35.88542],[-121.48533,35.97047],[-121.50328,36.00054],[-121.57506,36.02545],[-121.6289,36.11479],[-121.71864,36.19554],[-121.83708,36.25052],[-121.87657,36.28918],[-121.90528,36.35791],[-121.90169,36.39399],[-121.94117,36.48075],[-121.93399,36.55978],[-121.97348,36.57353],[-121.93758,36.6371],[-121.87298,36.60446],[-121.84067,36.63023],[-121.81555,36.68263],[-121.78683,36.80376],[-121.86221,36.93176],[-121.90528,36.9687],[-121.94117,36.97815],[-121.97348,36.95409],[-122.10628,36.95581],[-122.20678,37.01423],[-122.28574,37.10185],[-122.33599,37.11731],[-122.34317,37.14395],[-122.40419,37.19549],[-122.41855,37.24875],[-122.4006,37.35957],[-122.44367,37.43603],[-122.45085,37.4807],[-122.49392,37.49272],[-122.51546,37.52107],[-122.51905,37.57605],[-122.5011,37.59925],[-122.49392,37.66539],[-122.51546,37.78051],[-122.46521,37.80456],[-122.40778,37.81143],[-122.38624,37.79082],[-122.36112,37.71522],[-122.39342,37.70749],[-122.35394,37.61557],[-122.36112,37.59237],[-122.26421,37.57262],[-122.1673,37.50389],[-122.13858,37.50819],[-122.08833,37.45407],[-122.04526,37.45664],[-122.0668,37.49101],[-122.10987,37.50733],[-122.14576,37.58207],[-122.17089,37.6757],[-122.24626,37.72209],[-122.25344,37.76161],[-122.33241,37.78394],[-122.3001,37.84751],[-122.32523,37.90593],[-122.37907,37.90507],[-122.42932,37.96349],[-122.4006,37.95576],[-122.3683,37.97809],[-122.3683,38.01245],[-122.3001,38.01074],[-122.26421,38.04424],[-122.3001,38.10523],[-122.39342,38.14303],[-122.44008,38.11726],[-122.49033,38.11211],[-122.48316,38.07173],[-122.5011,38.03221],[-122.44726,37.9884],[-122.49033,37.96692],[-122.50469,37.92913],[-122.43649,37.88102],[-122.46162,37.86899],[-122.5011,37.8939],[-122.47598,37.83291],[-122.52982,37.81917],[-122.56212,37.85181],[-122.65544,37.90421],[-122.7021,37.8939],[-122.78466,37.95146],[-122.82055,37.99699],[-122.88157,38.02534],[-122.939,38.03221],[-123.01078,38.00386],[-122.96053,38.11296],[-122.94976,38.1542],[-122.99284,38.23323],[-122.96771,38.25041],[-123.02514,38.31055],[-123.06462,38.30196],[-123.06821,38.35951],[-123.12923,38.45057],[-123.20101,38.49439],[-123.25126,38.51071],[-123.33023,38.56569],[-123.46303,38.71688],[-123.51328,38.7418],[-123.542,38.77702],[-123.65327,38.85433],[-123.73941,38.95398],[-123.68916,39.02099],[-123.69275,39.05707],[-123.743,39.16531],[-123.80043,39.27098],[-123.82555,39.36118],[-123.81478,39.44623],[-123.76812,39.55962],[-123.78607,39.60429],[-123.78607,39.66013],[-123.83632,39.73916],[-123.85068,39.83194],[-123.90811,39.86287],[-123.92964,39.91012],[-124.05527,40.02437],[-124.08039,40.02953],[-124.08039,40.06647],[-124.10911,40.10341],[-124.18807,40.1309],[-124.36395,40.26061],[-124.34959,40.31473],[-124.36395,40.37487],[-124.41061,40.43844],[-124.3783,40.52263],[-124.32805,40.61626],[-124.1773,40.84392],[-124.13782,40.92553],[-124.1127,41.02775],[-124.15577,41.05954],[-124.15936,41.14287],[-124.145,41.14459],[-124.10552,41.22963],[-124.06245,41.43924],[-124.08039,41.54749],[-124.13423,41.65744],[-124.16295,41.73991],[-124.19525,41.73648],[-124.25627,41.78287],[-124.22037,41.84644],[-124.20243,41.94093],[-124.2132,41.99849]]]]}},{"type":"Feature","id":"CO","properties":{"abbr":"CO","name":"Colorado","fips":"08"},"geometry":{"type":"Polygon","coordinates":[[[-109.04843,41.00026],[-108.17982,41.00026],[-107.62707,41.00198],[-106.45337,41.00198],[-106.21648,40.99769],[-105.72474,40.99683],[-104.85613,40.99769],[-104.83101,40.9994],[-104.05213,41.00112],[-103.03995,41.00198],[-102.5554,41.00198],[-102.05289,41.00198],[-102.05289,40.0029],[-102.04931,39.67559],[-102.04931,39.30276],[-102.04572,39.13696],[-102.04572,38.04596],[-102.04213,37.92827],[-102.04213,36.99275],[-102.69897,36.99533],[-102.77793,36.99962],[-103.00047,37.00048],[-103.73268,36.9979],[-104.33927,36.99361],[-104.9997,36.99361],[-105.12174,36.99533],[-106.20212,36.99447],[-106.86973,36.99275],[-106.87691,37.00048],[-107.42248,36.99962],[-108.24802,36.99876],[-109.04484,36.99876],[-109.04484,37.4996],[-109.04125,37.53052],[-109.04125,38.16451],[-109.0592,38.27533],[-109.0592,38.71946],[-109.05202,38.90502],[-109.05202,40.50029],[-109.04843,40.53981],[-109.04843,41.00026]]]}},{"type":"Feature","id":"CT","properties":{"abbr":"CT","name":"Connecticut","fips":"09"},"geometry":{"type":"Polygon","coordinates":[[[-73.4857,42.05003],[-73.43186,42.05089],[-73.00833,42.03887],[-72.81451,42.03629],[-72.81809,41.99763],[-72.76784,42.00279],[-72.75708,42.03629],[-72.60633,42.03114],[-72.52736,42.03457],[-71.80232,42.0234],[-71.79874,42.00794],[-71.79874,41.91602],[-71.78797,41.72531],[-71.78797,41.59645],[-71.79874,41.41691],[-71.84181,41.41004],[-71.83104,41.34475],[-71.85975,41.31983],[-71.88488,41.33616],[-71.9459,41.33787],[-72.02127,41.31726],[-72.08588,41.31983],[-72.13254,41.29922],[-72.18997,41.32327],[-72.2115,41.29149],[-72.38738,41.26142],[-72.39815,41.2786],[-72.45199,41.2786],[-72.5489,41.25025],[-72.57043,41.26829],[-72.66376,41.26915],[-72.68888,41.24681],[-72.75349,41.26657],[-72.89706,41.24338],[-72.90783,41.29492],[-72.94013,41.28032],[-73.00833,41.20987],[-73.0514,41.20987],[-73.13036,41.14716],[-73.17702,41.16692],[-73.26317,41.1171],[-73.28829,41.12826],[-73.37085,41.10421],[-73.3529,41.08531],[-73.38879,41.05782],[-73.49288,41.04837],[-73.57185,41.00198],[-73.60415,41.01487],[-73.65799,40.9848],[-73.6544,41.01315],[-73.72619,41.10077],[-73.48211,41.21245],[-73.55031,41.29578],[-73.53595,41.43409],[-73.51801,41.68751],[-73.4857,42.05003]]]}},{"type":"Feature","id":"DC","properties":{"abbr":"DC","name":"District of Columbia","fips":"11"},"geometry":{"type":"Polygon","coordinates":[[[-77.11807,38.93423],[-77.04269,38.99436],[-76.90989,38.89299],[-77.0391,38.79162],[-77.0391,38.87151],[-77.11807,38.93423]]]}},{"type":"Feature","id":"DE","properties":{"abbr":"DE","name":"Delaware","fips":"10"},"geometry":{"type":"MultiPolygon","coordinates":[[[[-75.56032,39.63006],[-75.55673,39.60601],[-75.56032,39.63006]]],[[[-75.79003,39.72198],[-75.71824,39.79243],[-75.6644,39.82163],[-75.57826,39.83882],[-75.4993,39.83366],[-75.41674,39.80188],[-75.45982,39.7658],[-75.47776,39.71339],[-75.51007,39.6859],[-75.5316,39.69192],[-75.61057,39.62233],[-75.60339,39.58883],[-75.5639,39.5622],[-75.56032,39.5201],[-75.58903,39.49605],[-75.58903,39.46083],[-75.53878,39.41616],[-75.51365,39.36633],[-75.43828,39.31307],[-75.40239,39.25465],[-75.39162,39.20483],[-75.40957,39.17476],[-75.40239,39.06652],[-75.34496,39.02529],[-75.31983,38.98835],[-75.31265,38.92478],[-75.19062,38.80708],[-75.13319,38.78217],[-75.0973,38.80279],[-75.08294,38.77186],[-75.06499,38.66104],[-75.05064,38.45143],[-75.42751,38.45229],[-75.69312,38.46002],[-75.7003,38.52188],[-75.79003,39.6481],[-75.79003,39.72198]]]]}},{"type":"Feature","id":"FL","properties":{"abbr":"FL","name":"Florida","fips":"12"},"geometry":{"type":"MultiPolygon","coordinates":[[[[-80.75043,24.85767],[-80.70018,24.90922],[-80.68224,24.88087],[-80.73249,24.84307],[-80.75043,24.85767]]],[[[-80.85093,24.80355],[-80.81863,24.83706],[-80.77915,24.84049],[-80.7971,24.81214],[-80.85093,24.80355]]],[[[-81.12372,24.70734],[-80.93708,24.78465],[-80.91554,24.75888],[-81.07706,24.69016],[-81.12372,24.70734]]],[[[-81.81287,24.56903],[-81.74467,24.66009],[-81.67288,24.69961],[-81.58315,24.73655],[-81.57238,24.7563],[-81.44317,24.813],[-81.30678,24.75545],[-81.29242,24.71077],[-81.24217,24.67383],[-81.25652,24.66438],[-81.4001,24.62315],[-81.41086,24.64634],[-81.50778,24.64205],[-81.51854,24.62143],[-81.68365,24.55872],[-81.81287,24.54583],[-81.81287,24.56903]]],[[[-82.01387,24.54326],[-81.87388,24.56387],[-81.90978,24.52694],[-81.97079,24.51491],[-82.01746,24.52178],[-82.01387,24.54326]]],[[[-82.16462,24.56302],[-82.14308,24.59308],[-82.10001,24.58449],[-82.11796,24.54927],[-82.16462,24.56302]]],[[[-82.26512,26.69864],[-82.24717,26.68318],[-82.17897,26.50191],[-82.15026,26.47786],[-82.08924,26.45552],[-82.06412,26.47013],[-82.01387,26.45209],[-82.06412,26.42546],[-82.09642,26.4246],[-82.17179,26.46755],[-82.19692,26.4916],[-82.24358,26.5904],[-82.26512,26.65569],[-82.26512,26.69864]]],[[[-82.93273,24.6326],[-82.87889,24.64377],[-82.86453,24.62401],[-82.93631,24.61542],[-82.93273,24.6326]]],[[[-84.66994,29.79469],[-84.56585,29.83507],[-84.56585,29.81015],[-84.62328,29.77837],[-84.66276,29.77321],[-84.66994,29.79469]]],[[[-85.00375,31.00081],[-84.98221,30.93294],[-84.94273,30.88827],[-84.93555,30.81697],[-84.91402,30.75254],[-84.86377,30.71131],[-84.37562,30.68983],[-83.43882,30.64172],[-82.69942,30.59791],[-82.21487,30.5687],[-82.23281,30.55668],[-82.22563,30.50771],[-82.20051,30.48537],[-82.21128,30.42438],[-82.17179,30.35909],[-82.03899,30.37026],[-82.03899,30.43469],[-82.01746,30.47506],[-82.00669,30.57729],[-82.04976,30.65547],[-82.0354,30.70701],[-82.03899,30.7491],[-82.01028,30.76285],[-82.02463,30.78347],[-81.98156,30.77659],[-81.94926,30.82728],[-81.89542,30.82127],[-81.87029,30.79292],[-81.80928,30.79034],[-81.74467,30.76629],[-81.71954,30.74481],[-81.6011,30.72849],[-81.54008,30.71302],[-81.48983,30.72591],[-81.44317,30.70959],[-81.42881,30.69842],[-81.44317,30.60135],[-81.4324,30.52231],[-81.44676,30.50341],[-81.41086,30.48194],[-81.39651,30.40033],[-81.39292,30.30325],[-81.31036,29.96908],[-81.2637,29.85826],[-81.2637,29.81445],[-81.1632,29.55501],[-81.04835,29.3076],[-80.94426,29.11088],[-80.71095,28.75695],[-80.57456,28.58513],[-80.5602,28.53101],[-80.52431,28.45971],[-80.58892,28.41074],[-80.60327,28.36436],[-80.60686,28.28962],[-80.58892,28.17794],[-80.56738,28.09547],[-80.50995,27.97091],[-80.38433,27.73982],[-80.33049,27.59721],[-80.31254,27.52505],[-80.29459,27.50014],[-80.25511,27.37987],[-80.19409,27.2493],[-80.16179,27.1926],[-80.14025,27.11185],[-80.09359,27.01821],[-80.03258,26.79657],[-80.03616,26.59469],[-80.06129,26.44436],[-80.07924,26.26395],[-80.09,26.23217],[-80.11872,25.98648],[-80.11872,25.8413],[-80.12949,25.77257],[-80.15461,25.70299],[-80.15461,25.66519],[-80.17615,25.68495],[-80.16538,25.72876],[-80.18333,25.74594],[-80.24075,25.72446],[-80.27665,25.63684],[-80.29818,25.62224],[-80.30177,25.56726],[-80.33049,25.53289],[-80.33767,25.46589],[-80.31972,25.43754],[-80.3269,25.39802],[-80.30536,25.38428],[-80.33408,25.33875],[-80.36279,25.32758],[-80.36638,25.28549],[-80.291,25.31899],[-80.20127,25.48565],[-80.17615,25.52087],[-80.17615,25.48565],[-80.20486,25.41434],[-80.3269,25.22363],[-80.3592,25.15319],[-80.44893,25.0733],[-80.57097,24.95389],[-80.65711,24.89719],[-80.66788,24.9075],[-80.54584,25.0123],[-80.49559,25.04667],[-80.47047,25.0922],[-80.4597,25.16178],[-80.44176,25.18927],[-80.46329,25.20903],[-80.49559,25.19958],[-80.52072,25.22191],[-80.54226,25.20645],[-80.66429,25.18755],[-80.71454,25.15233],[-80.74685,25.14718],[-80.81145,25.18583],[-80.87606,25.17467],[-80.90118,25.13944],[-80.9981,25.12398],[-81.08065,25.11883],[-81.14167,25.1635],[-81.17038,25.22191],[-81.1632,25.28978],[-81.14167,25.34132],[-81.12013,25.33875],[-81.12731,25.38084],[-81.17038,25.46417],[-81.20986,25.50455],[-81.20269,25.53375],[-81.2314,25.58702],[-81.27088,25.6145],[-81.28883,25.68753],[-81.31036,25.70299],[-81.34985,25.6901],[-81.38215,25.77687],[-81.46829,25.8035],[-81.47188,25.81724],[-81.54726,25.84989],[-81.62263,25.89714],[-81.66212,25.88597],[-81.69083,25.85246],[-81.74826,25.96071],[-81.8021,26.08785],[-81.82004,26.23646],[-81.84517,26.3301],[-81.87029,26.37907],[-81.97079,26.47614],[-82.01028,26.48387],[-82.01387,26.52854],[-82.05694,26.5483],[-82.05694,26.49332],[-82.10719,26.48387],[-82.11078,26.54057],[-82.13949,26.63765],[-82.18256,26.68146],[-82.17179,26.70207],[-82.12513,26.6995],[-82.09283,26.66599],[-82.05335,26.80258],[-82.06053,26.87646],[-82.08924,26.88849],[-82.08924,26.92285],[-82.06053,26.93144],[-82.07488,26.95807],[-82.11796,26.95464],[-82.1359,26.92629],[-82.17538,26.91684],[-82.14667,26.7897],[-82.17897,26.77252],[-82.25076,26.76307],[-82.26871,26.72011],[-82.26871,26.78454],[-82.29024,26.8275],[-82.35126,26.90825],[-82.44458,27.0603],[-82.47688,27.14105],[-82.54508,27.26132],[-82.64199,27.38932],[-82.69224,27.43743],[-82.7066,27.48726],[-82.74249,27.53966],[-82.7066,27.52334],[-82.70301,27.49756],[-82.64917,27.52334],[-82.61328,27.58519],[-82.57021,27.60924],[-82.52355,27.69343],[-82.47688,27.72264],[-82.48406,27.7424],[-82.43381,27.76473],[-82.39433,27.83689],[-82.41228,27.90132],[-82.49124,27.91936],[-82.4733,27.82229],[-82.55226,27.84806],[-82.53072,27.87727],[-82.53431,27.93311],[-82.55226,27.96661],[-82.68865,28.0276],[-82.68506,27.97176],[-82.72455,27.94771],[-82.68506,27.91593],[-82.62764,27.91077],[-82.58815,27.81627],[-82.62405,27.78019],[-82.62405,27.72693],[-82.6384,27.70374],[-82.71378,27.69858],[-82.72455,27.67109],[-82.69942,27.63845],[-82.73172,27.61268],[-82.74608,27.64704],[-82.7389,27.71834],[-82.78915,27.79136],[-82.82146,27.8137],[-82.85017,27.86352],[-82.82864,28.01987],[-82.84658,28.07657],[-82.86094,28.21746],[-82.82864,28.21831],[-82.82864,28.13842],[-82.81428,28.06197],[-82.78197,28.05595],[-82.79633,28.18739],[-82.76403,28.21917],[-82.76044,28.2544],[-82.73172,28.29219],[-82.73172,28.32484],[-82.7066,28.36779],[-82.7066,28.40129],[-82.6743,28.44167],[-82.67071,28.51984],[-82.65276,28.59115],[-82.6743,28.64784],[-82.66712,28.69595],[-82.71378,28.72086],[-82.69942,28.75695],[-82.73172,28.85058],[-82.68865,28.90556],[-82.76403,29.00006],[-82.75326,29.02669],[-82.78197,29.07394],[-82.81787,29.07652],[-82.79992,29.10486],[-82.80351,29.14696],[-82.82864,29.15813],[-82.99733,29.17788],[-83.02964,29.13407],[-83.05476,29.13064],[-83.08706,29.21654],[-83.0763,29.2552],[-83.12655,29.28269],[-83.16962,29.29042],[-83.1768,29.34454],[-83.20192,29.39437],[-83.2414,29.43303],[-83.29524,29.43818],[-83.31319,29.47598],[-83.39933,29.51721],[-83.39933,29.61257],[-83.41369,29.67013],[-83.45676,29.67614],[-83.49266,29.70878],[-83.53932,29.72339],[-83.58598,29.77579],[-83.58598,29.81187],[-83.61828,29.84194],[-83.63623,29.88575],[-83.68648,29.92355],[-83.78698,29.97681],[-83.93055,30.03866],[-84.02387,30.10309],[-84.06335,30.10137],[-84.15667,30.07302],[-84.26794,30.09794],[-84.27153,30.06787],[-84.36485,30.0086],[-84.33255,29.92355],[-84.34332,29.89949],[-84.37921,29.89348],[-84.43305,29.90637],[-84.451,29.9287],[-84.53714,29.9098],[-84.64841,29.84709],[-84.88171,29.7337],[-84.90325,29.73541],[-84.87812,29.77321],[-84.91402,29.78352],[-84.93914,29.75002],[-84.99298,29.7148],[-85.12219,29.71566],[-85.07553,29.67356],[-85.06836,29.64092],[-85.01093,29.62202],[-84.90325,29.66755],[-84.79916,29.70191],[-84.70225,29.77407],[-84.69148,29.7629],[-84.77762,29.69246],[-84.87812,29.65552],[-85.00375,29.59882],[-85.04682,29.5868],[-85.08271,29.61515],[-85.14014,29.63405],[-85.22269,29.67786],[-85.29089,29.68387],[-85.35191,29.65982],[-85.39857,29.74057],[-85.41652,29.8428],[-85.3878,29.87888],[-85.3878,29.78868],[-85.36627,29.7105],[-85.34114,29.6916],[-85.30525,29.72511],[-85.30166,29.80843],[-85.36268,29.89864],[-85.42728,29.95018],[-85.4883,29.96135],[-85.54214,29.99571],[-85.59957,30.0567],[-85.69648,30.09708],[-85.77545,30.15635],[-85.92261,30.23796],[-86.0913,30.30325],[-86.29948,30.36339],[-86.41075,30.38057],[-86.63329,30.39603],[-86.75173,30.39174],[-86.92043,30.37026],[-87.15373,30.32817],[-87.26859,30.31528],[-87.29372,30.32387],[-87.51984,30.28006],[-87.466,30.30239],[-87.49113,30.32301],[-87.45882,30.3359],[-87.43011,30.40634],[-87.3655,30.43641],[-87.43729,30.48022],[-87.44806,30.52747],[-87.39422,30.61509],[-87.40499,30.67437],[-87.5342,30.74309],[-87.54497,30.77831],[-87.62752,30.84618],[-87.6347,30.86594],[-87.58804,30.96473],[-87.59881,30.99737],[-87.00298,30.99909],[-86.51843,30.99308],[-85.89389,30.99308],[-85.49907,30.99651],[-85.24423,31.00081],[-85.00375,31.00081]]]]}},{"type":"Feature","id":"GA","properties":{"abbr":"GA","name":"Georgia","fips":"13"},"geometry":{"type":"Polygon","coordinates":[[[-85.60675,34.98427],[-85.46677,34.98255],[-84.97862,34.98771],[-84.32178,34.98856],[-83.61828,34.98685],[-83.62187,34.992],[-83.1086,35.00059],[-83.11937,34.93874],[-83.23064,34.88032],[-83.32396,34.79012],[-83.32037,34.7592],[-83.34908,34.73686],[-83.33832,34.68188],[-83.23064,34.61144],[-83.16962,34.60542],[-83.08706,34.51608],[-83.00451,34.47227],[-82.90401,34.48601],[-82.8753,34.47571],[-82.84658,34.42073],[-82.83581,34.36575],[-82.79274,34.33997],[-82.78197,34.29702],[-82.74249,34.25235],[-82.74249,34.20854],[-82.71737,34.15012],[-82.6743,34.1295],[-82.64558,34.07195],[-82.59533,34.03071],[-82.55585,33.94395],[-82.52355,33.94309],[-82.45535,33.88124],[-82.35126,33.83657],[-82.24717,33.75238],[-82.23281,33.69997],[-82.20051,33.66475],[-82.19692,33.63039],[-82.15026,33.59775],[-82.10719,33.59603],[-82.04617,33.56424],[-81.98156,33.48435],[-81.92772,33.46202],[-81.91337,33.4414],[-81.93849,33.40446],[-81.92413,33.37095],[-81.93849,33.34346],[-81.83799,33.27302],[-81.85235,33.24725],[-81.80569,33.21117],[-81.7662,33.21547],[-81.77338,33.18024],[-81.74467,33.14159],[-81.64776,33.09434],[-81.61545,33.0952],[-81.55803,33.04537],[-81.48983,33.00843],[-81.50778,32.95087],[-81.4647,32.89589],[-81.45753,32.8538],[-81.42522,32.84092],[-81.42522,32.76789],[-81.41086,32.74041],[-81.42881,32.70175],[-81.40728,32.69487],[-81.39292,32.65364],[-81.41086,32.61842],[-81.36779,32.57718],[-81.27806,32.55485],[-81.27806,32.53509],[-81.19551,32.46551],[-81.20986,32.4363],[-81.15602,32.3461],[-81.14167,32.34953],[-81.12013,32.28424],[-81.15602,32.24645],[-81.11654,32.18889],[-81.1309,32.16655],[-81.11295,32.11329],[-81.03758,32.08408],[-80.9981,32.09869],[-80.91913,32.03769],[-80.88683,32.03426],[-80.84376,32.02395],[-80.8617,31.96897],[-80.91195,31.94406],[-80.94785,31.95694],[-80.96938,31.91571],[-80.93349,31.90884],[-80.99092,31.85729],[-81.06629,31.87705],[-81.07706,31.82894],[-81.03758,31.81949],[-81.06988,31.76881],[-81.1309,31.72242],[-81.19192,31.73359],[-81.20269,31.71984],[-81.15961,31.69149],[-81.1309,31.69579],[-81.13449,31.62363],[-81.15961,31.57037],[-81.26011,31.54803],[-81.26011,31.52913],[-81.1991,31.53772],[-81.17756,31.5171],[-81.26011,31.40457],[-81.28165,31.32639],[-81.25652,31.31523],[-81.27447,31.28945],[-81.29242,31.20612],[-81.33908,31.18723],[-81.36779,31.13654],[-81.4001,31.13396],[-81.4001,31.07297],[-81.42522,31.0137],[-81.45035,31.01541],[-81.49342,30.97761],[-81.44676,30.957],[-81.40728,30.97761],[-81.40369,30.90803],[-81.46111,30.76972],[-81.44317,30.70959],[-81.48983,30.72591],[-81.54008,30.71302],[-81.6011,30.72849],[-81.71954,30.74481],[-81.74467,30.76629],[-81.80928,30.79034],[-81.87029,30.79292],[-81.89542,30.82127],[-81.94926,30.82728],[-81.98156,30.77659],[-82.02463,30.78347],[-82.01028,30.76285],[-82.03899,30.7491],[-82.0354,30.70701],[-82.04976,30.65547],[-82.00669,30.57729],[-82.01746,30.47506],[-82.03899,30.43469],[-82.03899,30.37026],[-82.17179,30.35909],[-82.21128,30.42438],[-82.20051,30.48537],[-82.22563,30.50771],[-82.23281,30.55668],[-82.21487,30.5687],[-82.69942,30.59791],[-83.43882,30.64172],[-84.37562,30.68983],[-84.86377,30.71131],[-84.91402,30.75254],[-84.93555,30.81697],[-84.94273,30.88827],[-84.98221,30.93294],[-85.00375,31.00081],[-85.01093,31.05321],[-85.03605,31.10819],[-85.10784,31.18637],[-85.09707,31.23276],[-85.11502,31.27657],[-85.08989,31.29461],[-85.09348,31.36247],[-85.06477,31.4312],[-85.07194,31.46814],[-85.04682,31.5171],[-85.05759,31.62019],[-85.12578,31.69493],[-85.11861,31.73273],[-85.14014,31.83925],[-85.12937,31.87791],[-85.07912,31.93976],[-85.054,32.01364],[-85.04682,32.08752],[-85.05759,32.13563],[-85.01093,32.1803],[-84.96068,32.19834],[-84.96785,32.21896],[-84.92837,32.21896],[-84.89248,32.26363],[-84.93555,32.29799],[-85.00016,32.32204],[-84.96427,32.42255],[-84.99657,32.45348],[-85.00734,32.52392],[-85.06836,32.5832],[-85.10425,32.64505],[-85.12219,32.77305],[-85.16886,32.81171],[-85.1545,32.84263],[-85.1868,32.87012],[-85.30525,33.48263],[-85.35909,33.7498],[-85.40575,34.00236],[-85.47036,34.32795],[-85.55291,34.70851],[-85.60675,34.98427]]]}},{"type":"Feature","id":"HI","properties":{"abbr":"HI","name":"Hawaii","fips":"15"},"geometry":{"type":"MultiPolygon","coordinates":[[[[-156.05741,19.74283],[-156.05023,19.78063],[-155.98204,19.84592],[-155.93897,19.85193],[-155.8923,19.93183],[-155.83488,19.9765],[-155.82411,20.02632],[-155.88513,20.10707],[-155.89948,20.14573],[-155.90307,20.23593],[-155.87436,20.26772],[-155.80975,20.25999],[-155.74514,20.2325],[-155.73438,20.20501],[-155.65541,20.16721],[-155.60157,20.12683],[-155.5585,20.13199],[-155.46877,20.1045],[-155.32879,20.03835],[-155.28212,20.02203],[-155.20316,19.96962],[-155.14573,19.92066],[-155.08471,19.85537],[-155.09548,19.81499],[-155.09189,19.73768],[-155.06318,19.72909],[-155.00575,19.7394],[-154.98062,19.69043],[-154.98421,19.64146],[-154.90525,19.57102],[-154.82628,19.53752],[-154.80834,19.51948],[-154.82269,19.48168],[-154.86936,19.43787],[-154.93037,19.39749],[-154.98062,19.34938],[-155.06318,19.31674],[-155.13496,19.27636],[-155.20675,19.2609],[-155.26418,19.27379],[-155.29648,19.26605],[-155.36109,19.20936],[-155.41852,19.18788],[-155.46518,19.14664],[-155.51543,19.1329],[-155.5585,19.08222],[-155.55491,19.05387],[-155.58362,19.02208],[-155.60157,18.9714],[-155.67336,18.91728],[-155.7272,18.96968],[-155.80616,19.01435],[-155.88513,19.03926],[-155.92102,19.12087],[-155.90307,19.21795],[-155.88871,19.34766],[-155.92461,19.43872],[-155.92102,19.47824],[-155.95332,19.48855],[-155.97127,19.58648],[-155.99639,19.64318],[-156.0287,19.65005],[-156.05741,19.74283]]],[[[-156.6999,20.9206],[-156.68195,20.97988],[-156.64247,21.02799],[-156.59222,21.03314],[-156.54556,21.00479],[-156.50966,20.93778],[-156.47377,20.89483],[-156.38763,20.91974],[-156.32302,20.94981],[-156.2297,20.93177],[-156.2297,20.91803],[-156.16868,20.87421],[-156.13279,20.86133],[-156.11484,20.82697],[-156.00357,20.79518],[-155.98563,20.76769],[-155.98563,20.72302],[-156.01434,20.68608],[-156.061,20.65172],[-156.08254,20.65429],[-156.14355,20.62337],[-156.1938,20.63196],[-156.30148,20.58643],[-156.37686,20.5787],[-156.43788,20.60103],[-156.463,20.78144],[-156.48813,20.79862],[-156.53838,20.778],[-156.6317,20.82095],[-156.67836,20.87078],[-156.6999,20.9206]]],[[[-156.70348,20.53231],[-156.67836,20.55722],[-156.57786,20.60619],[-156.54197,20.58042],[-156.55632,20.54262],[-156.53838,20.52801],[-156.58504,20.51169],[-156.60298,20.52458],[-156.66759,20.50482],[-156.70348,20.53231]]],[[[-157.06241,20.90428],[-157.03729,20.92748],[-156.99063,20.93177],[-156.89731,20.91545],[-156.83629,20.8639],[-156.80757,20.82009],[-156.83988,20.76425],[-156.90807,20.73934],[-156.96909,20.73505],[-156.99422,20.78659],[-157.00499,20.8493],[-157.05524,20.87679],[-157.06241,20.90428]]],[[[-157.31008,21.10186],[-157.28854,21.14654],[-157.25624,21.17145],[-157.26341,21.22127],[-157.2024,21.21956],[-157.19163,21.20753],[-156.99781,21.18262],[-156.96191,21.21182],[-156.94756,21.17574],[-156.86859,21.16458],[-156.77168,21.18004],[-156.71066,21.15856],[-156.73938,21.11131],[-156.80398,21.0675],[-156.87577,21.04946],[-157.0014,21.07695],[-157.09472,21.10358],[-157.14856,21.09156],[-157.25265,21.08726],[-157.31008,21.10186]]],[[[-158.27918,21.57864],[-158.12485,21.58637],[-158.07818,21.62847],[-158.06383,21.65854],[-158.01717,21.69977],[-157.96692,21.71266],[-157.94538,21.68946],[-157.92384,21.62933],[-157.85206,21.55717],[-157.8377,21.51249],[-157.85206,21.49961],[-157.84129,21.45923],[-157.77668,21.41198],[-157.76592,21.46095],[-157.72284,21.45923],[-157.7372,21.40425],[-157.70849,21.38364],[-157.71208,21.35872],[-157.65106,21.29859],[-157.69413,21.2668],[-157.73361,21.28227],[-157.80899,21.25735],[-157.83052,21.27969],[-157.89154,21.30632],[-157.98127,21.31577],[-158.08895,21.29859],[-158.11408,21.30203],[-158.1392,21.37419],[-158.17868,21.40339],[-158.18227,21.43003],[-158.23252,21.48758],[-158.23252,21.53998],[-158.27918,21.57864]]],[[[-159.78669,22.03051],[-159.7831,22.06487],[-159.74362,22.09751],[-159.72926,22.13961],[-159.61081,22.20146],[-159.5821,22.2238],[-159.49954,22.20833],[-159.48878,22.22981],[-159.43135,22.22036],[-159.40263,22.23239],[-159.34879,22.21521],[-159.3129,22.18342],[-159.29495,22.14476],[-159.29495,22.10525],[-159.33444,22.05113],[-159.33085,21.96007],[-159.34521,21.93601],[-159.44571,21.869],[-159.47442,21.88189],[-159.60363,21.8922],[-159.66824,21.95319],[-159.75438,21.97811],[-159.78669,22.03051]]],[[[-160.24612,21.84925],[-160.23176,21.88619],[-160.18869,21.92398],[-160.12049,21.96264],[-160.11331,21.99529],[-160.07383,22.00302],[-160.06665,21.97639],[-160.0846,21.92742],[-160.07742,21.89649],[-160.14921,21.87244],[-160.20664,21.78911],[-160.24971,21.81488],[-160.24612,21.84925]]]]}},{"type":"Feature","id":"IA","properties":{"abbr":"IA","name":"Iowa","fips":"19"},"geometry":{"type":"Polygon","coordinates":[[[-96.4536,43.50013],[-95.73933,43.50013],[-94.61588,43.50013],[-93.9698,43.49927],[-93.16939,43.49927],[-92.75303,43.50013],[-91.94903,43.50013],[-91.21682,43.50013],[-91.23476,43.45546],[-91.19887,43.4125],[-91.20246,43.34893],[-91.10555,43.31371],[-91.05889,43.24842],[-91.12349,43.19688],[-91.14503,43.15221],[-91.17733,43.13159],[-91.17374,43.03881],[-91.14503,42.96322],[-91.14503,42.9048],[-91.10196,42.88332],[-91.0553,42.73814],[-90.93685,42.68316],[-90.76815,42.65138],[-90.70714,42.6342],[-90.64253,42.54056],[-90.64253,42.50877],[-90.64253,42.4684],[-90.56356,42.43833],[-90.55639,42.41599],[-90.47742,42.38421],[-90.41999,42.33009],[-90.43076,42.27854],[-90.37692,42.21497],[-90.20822,42.15226],[-90.16156,42.11704],[-90.16515,42.04059],[-90.14003,42.0088],[-90.16515,41.9564],[-90.15438,41.90657],[-90.1831,41.84472],[-90.17951,41.8095],[-90.28001,41.7674],[-90.31231,41.74249],[-90.31231,41.69782],[-90.34462,41.64714],[-90.34103,41.59044],[-90.39846,41.5724],[-90.46306,41.52343],[-90.55639,41.52429],[-90.59228,41.51312],[-90.64971,41.46502],[-90.73585,41.45041],[-90.84712,41.45557],[-90.92967,41.4212],[-90.97633,41.43409],[-91.04453,41.41605],[-91.06607,41.3688],[-91.07324,41.30523],[-91.11273,41.23908],[-91.04094,41.16606],[-90.99428,41.16091],[-90.94762,41.09648],[-90.94403,41.01229],[-90.96557,40.92123],[-91.00505,40.90491],[-91.0553,40.84821],[-91.09119,40.82502],[-91.09478,40.76746],[-91.11632,40.72536],[-91.1199,40.67296],[-91.18451,40.63774],[-91.24912,40.6386],[-91.36039,40.60166],[-91.40705,40.54239],[-91.36757,40.51232],[-91.38192,40.435],[-91.37474,40.39205],[-91.41782,40.3783],[-91.48601,40.38432],[-91.5255,40.41095],[-91.52908,40.45906],[-91.56498,40.46077],[-91.62241,40.50974],[-91.61882,40.54067],[-91.68342,40.55269],[-91.68701,40.58104],[-91.73008,40.61369],[-92.0926,40.60166],[-92.63818,40.59049],[-93.34527,40.58018],[-93.5678,40.58018],[-94.03441,40.57331],[-94.59434,40.57073],[-95.16504,40.57761],[-95.76445,40.58534],[-95.75009,40.60939],[-95.78599,40.6575],[-95.83265,40.67124],[-95.88649,40.72107],[-95.87931,40.75285],[-95.83265,40.78292],[-95.84701,40.85422],[-95.81111,40.89804],[-95.83624,40.92123],[-95.82906,40.97793],[-95.86136,40.99511],[-95.85777,41.03119],[-95.8829,41.05696],[-95.86495,41.08016],[-95.8829,41.16005],[-95.83983,41.17465],[-95.92597,41.19527],[-95.91161,41.22706],[-95.92956,41.28118],[-95.8829,41.3164],[-95.95468,41.33959],[-95.92956,41.36451],[-95.93315,41.46416],[-96.00493,41.47275],[-95.99776,41.53889],[-96.03006,41.53975],[-96.03724,41.50797],[-96.09108,41.53202],[-96.08031,41.58013],[-96.11979,41.61363],[-96.09467,41.64714],[-96.12338,41.68236],[-96.0839,41.69782],[-96.10543,41.74421],[-96.07672,41.76139],[-96.06595,41.80091],[-96.10902,41.82067],[-96.11261,41.85331],[-96.16286,41.90571],[-96.14133,41.91516],[-96.13056,41.97186],[-96.18799,41.97701],[-96.1844,42.00279],[-96.23824,42.01224],[-96.22029,42.02598],[-96.27413,42.04746],[-96.27054,42.11876],[-96.34951,42.16687],[-96.36027,42.2081],[-96.32438,42.22958],[-96.37463,42.31806],[-96.41411,42.34297],[-96.41411,42.40826],[-96.38181,42.44606],[-96.39617,42.48386],[-96.44642,42.49073],[-96.49308,42.51736],[-96.47872,42.55602],[-96.51461,42.63076],[-96.57563,42.6823],[-96.62947,42.7055],[-96.63306,42.77079],[-96.59358,42.79312],[-96.58281,42.83779],[-96.54333,42.85154],[-96.54333,42.92026],[-96.50026,42.95978],[-96.52179,42.97782],[-96.49308,43.00187],[-96.51102,43.04998],[-96.46077,43.06373],[-96.43565,43.12042],[-96.46795,43.15049],[-96.47513,43.22179],[-96.56127,43.22437],[-96.55051,43.251],[-96.57922,43.29567],[-96.52897,43.29997],[-96.52538,43.39446],[-96.60435,43.44944],[-96.57922,43.48123],[-96.59717,43.50013],[-96.4536,43.50013]]]}},{"type":"Feature","id":"ID","properties":{"abbr":"ID","name":"Idaho","fips":"16"},"geometry":{"type":"Polygon","coordinates":[[[-116.91616,45.9957],[-116.95564,46.07559],[-116.98077,46.08504],[-116.91975,46.16493],[-116.96282,46.19929],[-116.96282,46.25341],[-116.99154,46.2998],[-117.06332,46.36509],[-117.0382,46.40633],[-117.0382,47.47757],[-117.04179,47.52225],[-117.04179,48.12531],[-117.03461,48.371],[-117.03461,48.74984],[-117.03102,48.99897],[-116.41725,48.99983],[-116.04755,49.00069],[-116.04755,48.31],[-116.05114,48.21637],[-116.04755,47.97669],[-115.90757,47.84611],[-115.85373,47.82807],[-115.82502,47.75247],[-115.7963,47.75763],[-115.77118,47.71725],[-115.72452,47.69663],[-115.73169,47.64251],[-115.68862,47.59527],[-115.73528,47.56778],[-115.74246,47.53857],[-115.70298,47.53427],[-115.68503,47.48531],[-115.6276,47.47929],[-115.63837,47.46039],[-115.71734,47.45352],[-115.76041,47.42259],[-115.72093,47.42431],[-115.55223,47.34957],[-115.5271,47.30318],[-115.41225,47.26453],[-115.3261,47.25594],[-115.2938,47.22072],[-115.30098,47.18807],[-115.2615,47.18206],[-115.24355,47.15027],[-115.20048,47.1391],[-115.13946,47.09272],[-115.07126,47.02227],[-115.04973,46.97073],[-115.00307,46.97159],[-114.93128,46.92004],[-114.94564,46.85905],[-114.88821,46.80837],[-114.76617,46.75854],[-114.78771,46.71129],[-114.76617,46.69669],[-114.71233,46.71473],[-114.69798,46.7405],[-114.64773,46.73277],[-114.6226,46.707],[-114.64414,46.67349],[-114.61542,46.63999],[-114.54723,46.64429],[-114.46826,46.6314],[-114.45391,46.64944],[-114.36058,46.6692],[-114.33187,46.66061],[-114.3211,46.61078],[-114.35699,46.50512],[-114.40007,46.50254],[-114.37494,46.44327],[-114.4216,46.38743],[-114.42519,46.28778],[-114.47185,46.26716],[-114.45032,46.24139],[-114.44673,46.17352],[-114.51492,46.16751],[-114.5221,46.12541],[-114.46108,46.09707],[-114.49339,46.04724],[-114.47903,46.00085],[-114.41083,45.97766],[-114.43237,45.93556],[-114.38571,45.88917],[-114.41083,45.85137],[-114.50057,45.85052],[-114.56517,45.77406],[-114.49698,45.71049],[-114.50057,45.66925],[-114.56517,45.63747],[-114.53646,45.60654],[-114.55082,45.56101],[-114.46108,45.56101],[-114.41442,45.50947],[-114.36417,45.49057],[-114.34623,45.45964],[-114.26008,45.49572],[-114.24932,45.54555],[-114.20265,45.53524],[-114.13446,45.55758],[-114.06626,45.62802],[-114.01242,45.65809],[-114.0196,45.69331],[-113.9873,45.70447],[-113.93346,45.68214],[-113.89756,45.64434],[-113.90474,45.62201],[-113.86167,45.62372],[-113.80783,45.60225],[-113.83296,45.52064],[-113.76476,45.52064],[-113.76117,45.48112],[-113.78271,45.45535],[-113.76117,45.40638],[-113.73246,45.39006],[-113.73964,45.32992],[-113.68939,45.28354],[-113.6858,45.25347],[-113.59965,45.19076],[-113.57453,45.12805],[-113.51351,45.11516],[-113.52069,45.09282],[-113.45249,45.05932],[-113.43813,45.00692],[-113.44531,44.95967],[-113.49556,44.9485],[-113.45608,44.86517],[-113.35558,44.81964],[-113.34122,44.78528],[-113.2479,44.82308],[-113.13304,44.77325],[-113.06844,44.67962],[-113.05049,44.63666],[-113.08279,44.59543],[-113.00742,44.52584],[-113.02537,44.49664],[-113.00383,44.45111],[-112.94999,44.41674],[-112.88538,44.39613],[-112.8459,44.35833],[-112.8136,44.37723],[-112.83513,44.42276],[-112.78129,44.48461],[-112.72028,44.50437],[-112.65926,44.48547],[-112.54081,44.48375],[-112.50133,44.46313],[-112.47261,44.48031],[-112.38647,44.44767],[-112.35776,44.48633],[-112.35058,44.53873],[-112.31828,44.53873],[-112.28597,44.5688],[-112.22854,44.56278],[-112.18547,44.53272],[-112.13522,44.53959],[-112.10651,44.52069],[-112.03113,44.54646],[-111.99524,44.53529],[-111.94858,44.55677],[-111.86961,44.56364],[-111.82295,44.50952],[-111.71527,44.54389],[-111.70451,44.56021],[-111.61836,44.54904],[-111.58606,44.56278],[-111.4712,44.54045],[-111.52504,44.59543],[-111.46761,44.67962],[-111.48556,44.70797],[-111.41377,44.71054],[-111.38506,44.75521],[-111.32404,44.72429],[-111.22354,44.62378],[-111.23072,44.58684],[-111.14458,44.53615],[-111.12304,44.49406],[-111.04767,44.4743],[-111.05125,44.35403],[-111.04767,44.12466],[-111.04767,43.68139],[-111.04408,43.65905],[-111.04408,42.72268],[-111.04767,42.58265],[-111.04767,42.00193],[-111.4712,41.99935],[-112.1747,41.99677],[-112.19265,42.00107],[-112.88179,41.99935],[-113.82219,41.98818],[-114.04114,41.99334],[-114.46826,41.99591],[-114.59748,41.9942],[-114.80566,42.00193],[-115.03178,41.99591],[-115.31534,41.99591],[-116.367,41.99591],[-117.02743,42.00021],[-117.02743,43.80853],[-117.02025,43.85921],[-116.98077,43.86866],[-116.98077,43.91505],[-116.9377,43.98464],[-116.93411,44.02158],[-116.97359,44.04907],[-116.97718,44.08515],[-116.93411,44.09975],[-116.89821,44.15301],[-116.9018,44.17964],[-116.96641,44.19425],[-116.97359,44.23978],[-117.04538,44.22947],[-117.1028,44.28015],[-117.171,44.25868],[-117.21766,44.28874],[-117.18895,44.33685],[-117.24279,44.39613],[-117.21407,44.42705],[-117.22484,44.48375],[-117.16023,44.52499],[-117.12434,44.58168],[-117.09563,44.66501],[-117.04538,44.74491],[-116.93052,44.787],[-116.93052,44.80504],[-116.86591,44.87033],[-116.83361,44.92874],[-116.85873,44.97857],[-116.84796,45.02238],[-116.79771,45.06018],[-116.77618,45.10571],[-116.72952,45.14007],[-116.70439,45.23972],[-116.67209,45.28354],[-116.67568,45.31446],[-116.58953,45.44332],[-116.55364,45.46308],[-116.55005,45.51033],[-116.46391,45.60311],[-116.48903,45.6495],[-116.5357,45.69159],[-116.5357,45.73712],[-116.59312,45.77835],[-116.66132,45.78007],[-116.69721,45.82045],[-116.76182,45.81615],[-116.81925,45.88058],[-116.85873,45.90378],[-116.91616,45.9957]]]}},{"type":"Feature","id":"IL","properties":{"abbr":"IL","name":"Illinois","fips":"17"},"geometry":{"type":"Polygon","coordinates":[[[-91.41782,40.3783],[-91.37474,40.39205],[-91.38192,40.435],[-91.36757,40.51232],[-91.40705,40.54239],[-91.36039,40.60166],[-91.24912,40.6386],[-91.18451,40.63774],[-91.1199,40.67296],[-91.11632,40.72536],[-91.09478,40.76746],[-91.09119,40.82502],[-91.0553,40.84821],[-91.00505,40.90491],[-90.96557,40.92123],[-90.94403,41.01229],[-90.94762,41.09648],[-90.99428,41.16091],[-91.04094,41.16606],[-91.11273,41.23908],[-91.07324,41.30523],[-91.06607,41.3688],[-91.04453,41.41605],[-90.97633,41.43409],[-90.92967,41.4212],[-90.84712,41.45557],[-90.73585,41.45041],[-90.64971,41.46502],[-90.59228,41.51312],[-90.55639,41.52429],[-90.46306,41.52343],[-90.39846,41.5724],[-90.34103,41.59044],[-90.34462,41.64714],[-90.31231,41.69782],[-90.31231,41.74249],[-90.28001,41.7674],[-90.17951,41.8095],[-90.1831,41.84472],[-90.15438,41.90657],[-90.16515,41.9564],[-90.14003,42.0088],[-90.16515,42.04059],[-90.16156,42.11704],[-90.20822,42.15226],[-90.37692,42.21497],[-90.43076,42.27854],[-90.41999,42.33009],[-90.47742,42.38421],[-90.55639,42.41599],[-90.56356,42.43833],[-90.64253,42.4684],[-90.64253,42.50877],[-90.48101,42.50705],[-89.66624,42.50534],[-89.48319,42.50104],[-88.78686,42.49159],[-88.6397,42.49503],[-88.09413,42.49589],[-87.79981,42.49159],[-87.80699,42.38507],[-87.8357,42.30174],[-87.79981,42.2081],[-87.72443,42.10759],[-87.68136,42.07581],[-87.67059,42.02942],[-87.62393,41.91001],[-87.60958,41.84558],[-87.55933,41.76569],[-87.53061,41.74851],[-87.52343,41.70813],[-87.52702,41.48993],[-87.52702,40.46249],[-87.53061,40.2503],[-87.53061,39.99774],[-87.5342,39.98743],[-87.5342,39.64639],[-87.53061,39.64639],[-87.53061,39.34829],[-87.57727,39.34056],[-87.59881,39.31307],[-87.60599,39.26153],[-87.57368,39.21857],[-87.64188,39.16703],[-87.63111,39.10432],[-87.57368,39.05707],[-87.57727,38.98921],[-87.51266,38.95484],[-87.55215,38.85949],[-87.49831,38.77874],[-87.49472,38.74266],[-87.54497,38.67737],[-87.59522,38.66706],[-87.62034,38.63957],[-87.65265,38.56827],[-87.65265,38.51157],[-87.73879,38.47549],[-87.73161,38.44284],[-87.77827,38.37068],[-87.80699,38.36295],[-87.85365,38.27533],[-87.88236,38.30368],[-87.90749,38.26845],[-87.92543,38.29852],[-87.95774,38.24011],[-87.99004,38.2487],[-87.97568,38.19801],[-87.92543,38.14647],[-88.0044,38.08376],[-87.96133,38.10008],[-87.9685,38.06743],[-88.0367,38.05111],[-88.00799,38.02878],[-88.01158,37.97723],[-88.06542,37.91968],[-88.01158,37.89476],[-88.09772,37.90164],[-88.04029,37.8226],[-88.08336,37.83033],[-88.069,37.80113],[-88.02952,37.79941],[-88.05824,37.74271],[-88.11926,37.71264],[-88.15874,37.66454],[-88.13361,37.57433],[-88.06183,37.51592],[-88.08336,37.47296],[-88.25565,37.45664],[-88.29872,37.44719],[-88.36333,37.40252],[-88.41358,37.42486],[-88.47818,37.38706],[-88.48536,37.33981],[-88.51767,37.28397],[-88.51049,37.2625],[-88.44947,37.20666],[-88.42435,37.14996],[-88.46024,37.0735],[-88.51408,37.06491],[-88.56074,37.07608],[-88.62893,37.12075],[-88.75456,37.15511],[-88.80481,37.18862],[-88.91608,37.2247],[-88.98427,37.22899],[-89.03094,37.21095],[-89.0776,37.17487],[-89.1099,37.11903],[-89.16733,37.07436],[-89.18169,37.02711],[-89.13144,36.98244],[-89.17092,36.97042],[-89.19963,37.01595],[-89.26065,37.06405],[-89.3109,37.05374],[-89.25706,37.01509],[-89.29295,36.99189],[-89.3791,37.04],[-89.37551,37.08553],[-89.41499,37.12505],[-89.46165,37.19978],[-89.45806,37.24016],[-89.51908,37.28569],[-89.49037,37.3338],[-89.43653,37.34411],[-89.42217,37.39737],[-89.51549,37.53568],[-89.52267,37.57863],[-89.47601,37.5855],[-89.51549,37.64392],[-89.51549,37.69288],[-89.58369,37.7135],[-89.61599,37.74958],[-89.66624,37.75216],[-89.65906,37.78652],[-89.74162,37.84666],[-89.79546,37.85696],[-89.79904,37.88188],[-89.84571,37.90593],[-89.8816,37.8793],[-89.95338,37.8836],[-89.97492,37.92655],[-89.93185,37.94717],[-89.94262,37.97036],[-90.00005,37.96435],[-90.06106,38.01589],[-90.08978,38.01589],[-90.12926,38.06228],[-90.21899,38.09407],[-90.29078,38.17052],[-90.35539,38.21347],[-90.37333,38.27361],[-90.36974,38.34062],[-90.34462,38.38529],[-90.2836,38.4437],[-90.26206,38.52875],[-90.1831,38.61122],[-90.17592,38.643],[-90.21181,38.72204],[-90.16515,38.77272],[-90.12208,38.79763],[-90.1149,38.84918],[-90.2513,38.91962],[-90.30872,38.92392],[-90.40564,38.96257],[-90.47383,38.95914],[-90.50614,38.90244],[-90.54562,38.87495],[-90.5851,38.86894],[-90.66406,38.92821],[-90.67483,38.98405],[-90.71431,39.05707],[-90.68201,39.088],[-90.71073,39.155],[-90.72149,39.23232],[-90.79328,39.30963],[-91.00505,39.42733],[-91.06248,39.47371],[-91.10196,39.539],[-91.14862,39.54588],[-91.18451,39.60515],[-91.22399,39.61718],[-91.27783,39.66614],[-91.37116,39.73229],[-91.36039,39.78469],[-91.37474,39.80875],[-91.42858,39.83796],[-91.44653,39.8706],[-91.41782,39.9273],[-91.44294,39.95135],[-91.49319,40.0364],[-91.51473,40.17814],[-91.50755,40.23914],[-91.44653,40.36284],[-91.41782,40.3783]]]}},{"type":"Feature","id":"IN","properties":{"abbr":"IN","name":"Indiana","fips":"18"},"geometry":{"type":"Polygon","coordinates":[[[-87.52343,41.70813],[-87.46959,41.67291],[-87.42652,41.69009],[-87.4014,41.6772],[-87.42293,41.64284],[-87.32602,41.62308],[-87.22193,41.62394],[-87.12143,41.64542],[-86.93479,41.70985],[-86.82352,41.76053],[-86.50048,41.75967],[-85.7898,41.75881],[-85.11861,41.75967],[-84.80634,41.76053],[-84.80634,41.6961],[-84.80275,41.48821],[-84.80275,40.30271],[-84.81352,39.9273],[-84.81352,39.54845],[-84.82069,39.30963],[-84.82069,39.10518],[-84.88889,39.06652],[-84.89607,39.04934],[-84.83864,38.98835],[-84.83146,38.96172],[-84.87094,38.92907],[-84.86018,38.89729],[-84.79916,38.89127],[-84.7848,38.8698],[-84.83146,38.83028],[-84.80993,38.79248],[-84.88889,38.79506],[-84.94632,38.7753],[-84.97862,38.77959],[-85.10425,38.72547],[-85.1545,38.69197],[-85.22269,38.70056],[-85.25859,38.7375],[-85.35191,38.73149],[-85.40934,38.7375],[-85.45241,38.70915],[-85.43805,38.60177],[-85.41652,38.54078],[-85.47395,38.50641],[-85.49907,38.46862],[-85.60675,38.43941],[-85.67495,38.3011],[-85.74314,38.2676],[-85.79339,38.28821],[-85.82929,38.27704],[-85.85082,38.22292],[-85.90825,38.16107],[-85.90466,38.08633],[-85.92261,38.0262],[-85.95132,38.00558],[-86.03388,37.99012],[-86.04823,37.95919],[-86.09489,38.00902],[-86.17386,38.00988],[-86.26718,38.05713],[-86.27077,38.13788],[-86.34614,38.19543],[-86.37486,38.19372],[-86.37127,38.16451],[-86.32461,38.1542],[-86.3282,38.13272],[-86.37486,38.131],[-86.40357,38.10609],[-86.43229,38.12585],[-86.46459,38.10094],[-86.43229,38.08633],[-86.45382,38.05025],[-86.51843,38.04252],[-86.52561,37.96177],[-86.50766,37.92913],[-86.59022,37.92139],[-86.59739,37.86727],[-86.63688,37.84236],[-86.662,37.86298],[-86.64406,37.90679],[-86.67995,37.91538],[-86.71584,37.8939],[-86.75173,37.9128],[-86.79481,37.98926],[-86.85582,37.98754],[-86.90607,37.94287],[-87.01016,37.91968],[-87.04606,37.8939],[-87.064,37.81058],[-87.08913,37.78738],[-87.12861,37.7848],[-87.15732,37.83807],[-87.22193,37.84923],[-87.3009,37.8982],[-87.37986,37.936],[-87.45165,37.94115],[-87.5019,37.90937],[-87.55215,37.92569],[-87.57368,37.96778],[-87.6024,37.97294],[-87.62752,37.91624],[-87.58804,37.86126],[-87.6347,37.8269],[-87.67418,37.82947],[-87.66341,37.87758],[-87.68136,37.90335],[-87.83211,37.87672],[-87.87159,37.92139],[-87.9039,37.92483],[-87.93979,37.89047],[-87.9039,37.81229],[-87.94697,37.77192],[-88.02952,37.79941],[-88.069,37.80113],[-88.08336,37.83033],[-88.04029,37.8226],[-88.09772,37.90164],[-88.01158,37.89476],[-88.06542,37.91968],[-88.01158,37.97723],[-88.00799,38.02878],[-88.0367,38.05111],[-87.9685,38.06743],[-87.96133,38.10008],[-88.0044,38.08376],[-87.92543,38.14647],[-87.97568,38.19801],[-87.99004,38.2487],[-87.95774,38.24011],[-87.92543,38.29852],[-87.90749,38.26845],[-87.88236,38.30368],[-87.85365,38.27533],[-87.80699,38.36295],[-87.77827,38.37068],[-87.73161,38.44284],[-87.73879,38.47549],[-87.65265,38.51157],[-87.65265,38.56827],[-87.62034,38.63957],[-87.59522,38.66706],[-87.54497,38.67737],[-87.49472,38.74266],[-87.49831,38.77874],[-87.55215,38.85949],[-87.51266,38.95484],[-87.57727,38.98921],[-87.57368,39.05707],[-87.63111,39.10432],[-87.64188,39.16703],[-87.57368,39.21857],[-87.60599,39.26153],[-87.59881,39.31307],[-87.57727,39.34056],[-87.53061,39.34829],[-87.53061,39.64639],[-87.5342,39.64639],[-87.5342,39.98743],[-87.53061,39.99774],[-87.53061,40.2503],[-87.52702,40.46249],[-87.52702,41.48993],[-87.52343,41.70813]]]}},{"type":"Feature","id":"KS","properties":{"abbr":"KS","name":"Kansas","fips":"20"},"geometry":{"type":"Polygon","coordinates":[[[-102.05289,40.0029],[-101.13045,40.00204],[-100.75716,40.00204],[-99.81317,40.00118],[-98.8333,40.00204],[-98.24824,40.00204],[-97.24683,40.00118],[-96.30285,40.00032],[-95.78599,40.00032],[-95.30861,40.00032],[-95.25118,39.94877],[-95.20452,39.93933],[-95.20093,39.90239],[-95.15427,39.90754],[-95.13632,39.87661],[-95.043,39.86459],[-95.01429,39.89981],[-94.92815,39.88864],[-94.9425,39.86459],[-94.91738,39.83624],[-94.8779,39.82679],[-94.89225,39.79071],[-94.92456,39.78985],[-94.91379,39.75892],[-94.87072,39.77267],[-94.87431,39.73057],[-94.9102,39.72542],[-94.95686,39.74604],[-94.97481,39.68161],[-95.02865,39.66529],[-95.05377,39.63006],[-95.04659,39.59484],[-95.10761,39.57422],[-95.10402,39.53299],[-95.05018,39.49777],[-95.04659,39.47286],[-94.98916,39.44623],[-94.94609,39.39382],[-94.89584,39.39382],[-94.8779,39.37578],[-94.9102,39.35431],[-94.88866,39.28644],[-94.82406,39.24177],[-94.83482,39.21772],[-94.78098,39.20655],[-94.76304,39.17992],[-94.71279,39.17047],[-94.68048,39.18421],[-94.66254,39.15758],[-94.59075,39.155],[-94.6087,39.11978],[-94.6087,38.73836],[-94.61229,38.63527],[-94.61229,38.03737],[-94.61588,37.9927],[-94.61588,37.32349],[-94.61947,37.24016],[-94.61947,36.99876],[-95.5132,36.99962],[-96.2167,36.99876],[-96.82329,36.99876],[-97.60576,36.99876],[-98.35233,36.9979],[-99.27837,36.99962],[-99.64807,36.99962],[-100.20082,37.0022],[-100.73562,36.99876],[-101.48579,36.99533],[-102.04213,36.99275],[-102.04213,37.92827],[-102.04572,38.04596],[-102.04572,39.13696],[-102.04931,39.30276],[-102.04931,39.67559],[-102.05289,40.0029]]]}},{"type":"Feature","id":"KY","properties":{"abbr":"KY","name":"Kentucky","fips":"21"},"geometry":{"type":"MultiPolygon","coordinates":[[[[-89.13144,36.98244],[-89.18169,37.02711],[-89.16733,37.07436],[-89.1099,37.11903],[-89.0776,37.17487],[-89.03094,37.21095],[-88.98427,37.22899],[-88.91608,37.2247],[-88.80481,37.18862],[-88.75456,37.15511],[-88.62893,37.12075],[-88.56074,37.07608],[-88.51408,37.06491],[-88.46024,37.0735],[-88.42435,37.14996],[-88.44947,37.20666],[-88.51049,37.2625],[-88.51767,37.28397],[-88.48536,37.33981],[-88.47818,37.38706],[-88.41358,37.42486],[-88.36333,37.40252],[-88.29872,37.44719],[-88.25565,37.45664],[-88.08336,37.47296],[-88.06183,37.51592],[-88.13361,37.57433],[-88.15874,37.66454],[-88.11926,37.71264],[-88.05824,37.74271],[-88.02952,37.79941],[-87.94697,37.77192],[-87.9039,37.81229],[-87.93979,37.89047],[-87.9039,37.92483],[-87.87159,37.92139],[-87.83211,37.87672],[-87.68136,37.90335],[-87.66341,37.87758],[-87.67418,37.82947],[-87.6347,37.8269],[-87.58804,37.86126],[-87.62752,37.91624],[-87.6024,37.97294],[-87.57368,37.96778],[-87.55215,37.92569],[-87.5019,37.90937],[-87.45165,37.94115],[-87.37986,37.936],[-87.3009,37.8982],[-87.22193,37.84923],[-87.15732,37.83807],[-87.12861,37.7848],[-87.08913,37.78738],[-87.064,37.81058],[-87.04606,37.8939],[-87.01016,37.91968],[-86.90607,37.94287],[-86.85582,37.98754],[-86.79481,37.98926],[-86.75173,37.9128],[-86.71584,37.8939],[-86.67995,37.91538],[-86.64406,37.90679],[-86.662,37.86298],[-86.63688,37.84236],[-86.59739,37.86727],[-86.59022,37.92139],[-86.50766,37.92913],[-86.52561,37.96177],[-86.51843,38.04252],[-86.45382,38.05025],[-86.43229,38.08633],[-86.46459,38.10094],[-86.43229,38.12585],[-86.40357,38.10609],[-86.37486,38.131],[-86.3282,38.13272],[-86.32461,38.1542],[-86.37127,38.16451],[-86.37486,38.19372],[-86.34614,38.19543],[-86.27077,38.13788],[-86.26718,38.05713],[-86.17386,38.00988],[-86.09489,38.00902],[-86.04823,37.95919],[-86.03388,37.99012],[-85.95132,38.00558],[-85.92261,38.0262],[-85.90466,38.08633],[-85.90825,38.16107],[-85.85082,38.22292],[-85.82929,38.27704],[-85.79339,38.28821],[-85.74314,38.2676],[-85.67495,38.3011],[-85.60675,38.43941],[-85.49907,38.46862],[-85.47395,38.50641],[-85.41652,38.54078],[-85.43805,38.60177],[-85.45241,38.70915],[-85.40934,38.7375],[-85.35191,38.73149],[-85.25859,38.7375],[-85.22269,38.70056],[-85.1545,38.69197],[-85.10425,38.72547],[-84.97862,38.77959],[-84.94632,38.7753],[-84.88889,38.79506],[-84.80993,38.79248],[-84.83146,38.83028],[-84.7848,38.8698],[-84.79916,38.89127],[-84.86018,38.89729],[-84.87094,38.92907],[-84.83146,38.96172],[-84.83864,38.98835],[-84.89607,39.04934],[-84.88889,39.06652],[-84.82069,39.10518],[-84.75609,39.14641],[-84.73096,39.1447],[-84.67712,39.09831],[-84.60175,39.07425],[-84.5515,39.09916],[-84.50125,39.09659],[-84.47253,39.1215],[-84.44382,39.11463],[-84.42946,39.05535],[-84.32537,39.02786],[-84.28948,38.9557],[-84.23205,38.8844],[-84.23205,38.8277],[-84.2141,38.80537],[-84.07053,38.77015],[-83.95208,38.78647],[-83.848,38.74695],[-83.83723,38.71774],[-83.78339,38.69541],[-83.76544,38.65245],[-83.66494,38.62754],[-83.61469,38.68424],[-83.52137,38.70314],[-83.46753,38.67565],[-83.36703,38.65847],[-83.32755,38.63785],[-83.3096,38.60091],[-83.26294,38.62153],[-83.15526,38.62067],[-83.11937,38.6662],[-83.05476,38.69541],[-83.02246,38.72891],[-82.96862,38.72891],[-82.89324,38.7564],[-82.86812,38.72805],[-82.87889,38.69025],[-82.84658,38.5949],[-82.79992,38.56311],[-82.72455,38.55796],[-82.64917,38.49009],[-82.60251,38.46002],[-82.59533,38.42223],[-82.59892,38.34491],[-82.57021,38.31398],[-82.5738,38.26416],[-82.61328,38.23581],[-82.59892,38.21863],[-82.60969,38.17138],[-82.6384,38.17138],[-82.6384,38.13874],[-82.58456,38.10695],[-82.54867,38.06829],[-82.51637,37.99957],[-82.46253,37.98067],[-82.50201,37.93342],[-82.4733,37.89992],[-82.41946,37.8836],[-82.42305,37.85439],[-82.37638,37.80198],[-82.34049,37.78566],[-82.29383,37.67055],[-82.23999,37.6611],[-82.21487,37.62502],[-82.18256,37.62674],[-82.15744,37.59237],[-82.12872,37.59152],[-82.11796,37.55973],[-82.01746,37.53396],[-81.96721,37.53739],[-82.35485,37.26507],[-82.48765,37.23157],[-82.56662,37.19635],[-82.63481,37.15425],[-82.72455,37.1156],[-82.72455,37.04172],[-82.78197,37.00821],[-82.82505,37.0065],[-82.86812,36.97815],[-82.85735,36.92746],[-82.87889,36.8888],[-82.96862,36.85788],[-83.07271,36.85444],[-83.13014,36.78572],[-83.13731,36.74276],[-83.19474,36.73933],[-83.31319,36.70926],[-83.45317,36.66459],[-83.52855,36.66631],[-83.64699,36.62421],[-83.67571,36.60102],[-83.69007,36.58298],[-83.98798,36.58985],[-84.27153,36.59157],[-84.54432,36.59586],[-84.84223,36.60531],[-85.02528,36.61906],[-85.29089,36.62679],[-85.4883,36.61476],[-85.83287,36.62164],[-86.03388,36.63023],[-86.33179,36.64913],[-86.50766,36.65256],[-86.56509,36.63366],[-86.59022,36.65256],[-87.11425,36.64225],[-87.44447,36.64054],[-87.85365,36.63366],[-87.85006,36.66373],[-88.069,36.67833],[-88.03311,36.55205],[-88.05465,36.49707],[-88.54638,36.50223],[-88.99863,36.50223],[-89.30013,36.50738],[-89.41858,36.49879],[-89.37192,36.62078],[-89.32526,36.63195],[-89.26065,36.56494],[-89.21399,36.5804],[-89.18886,36.6414],[-89.16015,36.66631],[-89.19963,36.71613],[-89.18528,36.75393],[-89.12785,36.75135],[-89.11708,36.77541],[-89.1781,36.80719],[-89.17451,36.83984],[-89.13861,36.84757],[-89.11708,36.88709],[-89.09913,36.9644],[-89.13144,36.98244]]],[[[-89.48678,36.49707],[-89.54062,36.49793],[-89.57292,36.54776],[-89.55856,36.57353],[-89.48319,36.57181],[-89.46524,36.52972],[-89.48678,36.49707]]]]}},{"type":"Feature","id":"LA","properties":{"abbr":"LA","name":"Louisiana","fips":"22"},"geometry":{"type":"MultiPolygon","coordinates":[[[[-88.88019,30.05327],[-88.83352,29.99915],[-88.81558,29.93386],[-88.82635,29.84709],[-88.86224,29.75689],[-88.8766,29.75947],[-88.84788,29.83678],[-88.83352,29.92269],[-88.83711,29.96221],[-88.88019,30.05327]]],[[[-89.3432,30.05928],[-89.30372,30.09192],[-89.18886,30.16151],[-89.18169,30.14948],[-89.22835,30.09536],[-89.22117,30.07131],[-89.17451,30.04296],[-89.22835,30.0],[-89.23911,30.04038],[-89.27501,30.03179],[-89.33603,30.04038],[-89.3432,30.05928]]],[[[-89.62676,29.53525],[-89.56574,29.54384],[-89.59804,29.50776],[-89.62676,29.53525]]],[[[-90.37692,29.1083],[-90.3518,29.1315],[-90.30514,29.07566],[-90.33385,29.06363],[-90.37692,29.1083]]],[[[-90.55997,29.0937],[-90.41999,29.06535],[-90.48819,29.05848],[-90.55997,29.0937]]],[[[-90.75021,29.0559],[-90.66048,29.07222],[-90.6533,29.05762],[-90.74662,29.04043],[-90.75021,29.0559]]],[[[-92.01723,29.59109],[-91.98134,29.61429],[-91.93826,29.60999],[-91.9275,29.63233],[-91.84853,29.62717],[-91.76598,29.57477],[-91.73367,29.58078],[-91.71214,29.55587],[-91.76598,29.52494],[-91.76957,29.49058],[-91.81982,29.47426],[-92.03159,29.57305],[-92.01723,29.59109]]],[[[-94.04159,33.0196],[-93.37757,33.01788],[-93.06889,33.01788],[-92.50537,33.01187],[-91.95262,33.00757],[-91.16657,33.00414],[-91.20246,32.96118],[-91.21323,32.91995],[-91.18092,32.90105],[-91.13067,32.92338],[-91.13426,32.98094],[-91.09478,32.98438],[-91.06248,32.92253],[-91.06965,32.88902],[-91.14503,32.84435],[-91.16298,32.81257],[-91.16657,32.75157],[-91.0553,32.7258],[-91.06248,32.70261],[-91.1199,32.67426],[-91.15221,32.64161],[-91.14144,32.59694],[-91.1199,32.58492],[-91.04812,32.60725],[-91.02658,32.64677],[-91.00146,32.61498],[-91.03017,32.5832],[-91.08042,32.55657],[-91.00505,32.51361],[-90.9871,32.49128],[-91.02299,32.48526],[-91.08401,32.5265],[-91.10196,32.52564],[-91.11273,32.47581],[-91.03017,32.43372],[-90.99428,32.4509],[-90.96557,32.42083],[-90.99428,32.40365],[-90.99428,32.35383],[-90.91173,32.33922],[-90.89019,32.37359],[-90.87583,32.35812],[-90.93326,32.29026],[-90.97633,32.29713],[-90.96915,32.2516],[-90.9871,32.21552],[-91.03735,32.24215],[-91.06248,32.21896],[-91.15939,32.20177],[-91.16657,32.13391],[-91.05171,32.12446],[-91.05889,32.17772],[-91.00505,32.1571],[-91.03735,32.09783],[-91.08042,32.07893],[-91.09837,32.048],[-91.14503,32.08151],[-91.16298,32.06003],[-91.09478,32.03769],[-91.09478,31.99474],[-91.16298,31.98271],[-91.1881,31.96124],[-91.18092,31.91828],[-91.26707,31.85128],[-91.24553,31.83324],[-91.26348,31.80918],[-91.2886,31.82379],[-91.29578,31.86073],[-91.33885,31.85128],[-91.36398,31.77053],[-91.25989,31.76108],[-91.27424,31.74561],[-91.3568,31.74132],[-91.39628,31.71125],[-91.39987,31.62019],[-91.46448,31.62019],[-91.50037,31.64424],[-91.51832,31.6116],[-91.48601,31.58583],[-91.42141,31.597],[-91.40705,31.56951],[-91.45012,31.53944],[-91.52191,31.52398],[-91.51832,31.46041],[-91.47166,31.39598],[-91.47166,31.37106],[-91.50396,31.36505],[-91.53267,31.38996],[-91.54703,31.43292],[-91.57933,31.39941],[-91.55421,31.38567],[-91.55062,31.34701],[-91.50755,31.31523],[-91.51473,31.27829],[-91.57575,31.2611],[-91.64035,31.26712],[-91.64394,31.23447],[-91.60087,31.2087],[-91.5901,31.17348],[-91.626,31.13396],[-91.62241,31.10991],[-91.56498,31.06696],[-91.5901,31.01713],[-91.63676,30.99909],[-90.82558,30.99909],[-90.34462,30.99995],[-89.75238,31.00167],[-89.72726,30.97074],[-89.75238,30.95184],[-89.74879,30.91319],[-89.77392,30.89686],[-89.80622,30.78948],[-89.83135,30.768],[-89.81699,30.73708],[-89.85288,30.66148],[-89.82417,30.64945],[-89.80981,30.56784],[-89.77392,30.53864],[-89.75956,30.50513],[-89.72008,30.48881],[-89.68419,30.45187],[-89.68419,30.40548],[-89.63035,30.33933],[-89.63035,30.28006],[-89.61599,30.22336],[-89.56933,30.18041],[-89.52626,30.18041],[-89.58728,30.15034],[-89.61599,30.15635],[-89.67701,30.10825],[-89.68419,30.0756],[-89.72726,30.06272],[-89.71649,30.02835],[-89.81699,30.04296],[-89.85647,30.0043],[-89.83853,29.94588],[-89.77392,29.93729],[-89.72726,29.95877],[-89.74162,29.90809],[-89.7129,29.87888],[-89.65906,29.86256],[-89.6124,29.872],[-89.59087,29.89692],[-89.57292,29.98368],[-89.5801,29.99485],[-89.49395,30.04124],[-89.48319,30.07904],[-89.41858,30.04983],[-89.37192,30.05498],[-89.37192,30.03694],[-89.43294,30.00774],[-89.43294,29.97853],[-89.3791,29.96392],[-89.36833,29.91152],[-89.31449,29.92355],[-89.27501,29.99399],[-89.21758,29.97251],[-89.23194,29.92527],[-89.2786,29.92527],[-89.32167,29.88747],[-89.2427,29.88919],[-89.25347,29.86427],[-89.36474,29.84537],[-89.31808,29.78868],[-89.2786,29.80758],[-89.30372,29.75689],[-89.33603,29.77923],[-89.38628,29.78868],[-89.42935,29.74143],[-89.43294,29.65638],[-89.46524,29.65209],[-89.48678,29.72596],[-89.52626,29.72682],[-89.53344,29.67013],[-89.48678,29.6203],[-89.53344,29.64865],[-89.58369,29.65294],[-89.6124,29.63834],[-89.66624,29.64349],[-89.60163,29.60999],[-89.60163,29.5825],[-89.68419,29.6246],[-89.68419,29.60312],[-89.64112,29.57563],[-89.68419,29.5636],[-89.6806,29.53439],[-89.64112,29.50347],[-89.56933,29.49402],[-89.57292,29.47512],[-89.52985,29.4545],[-89.53344,29.42529],[-89.50831,29.38578],[-89.47601,29.41155],[-89.45806,29.39351],[-89.3791,29.39179],[-89.32167,29.36258],[-89.3109,29.38835],[-89.23911,29.31018],[-89.19963,29.34798],[-89.11349,29.25262],[-89.11349,29.20194],[-89.09195,29.19077],[-89.02735,29.21482],[-89.00222,29.1796],[-89.08836,29.16672],[-89.09554,29.13837],[-89.03811,29.13579],[-89.06683,29.09112],[-89.10631,29.11174],[-89.14938,29.02927],[-89.1422,28.99147],[-89.21758,29.02239],[-89.22476,29.06964],[-89.25347,29.08339],[-89.36474,28.96484],[-89.41858,28.92962],[-89.39345,28.98717],[-89.36115,29.01209],[-89.3432,29.05332],[-89.3109,29.07136],[-89.3109,29.11775],[-89.2786,29.13751],[-89.28219,29.18132],[-89.31808,29.20194],[-89.33244,29.14868],[-89.38987,29.12376],[-89.43294,29.14868],[-89.48319,29.21482],[-89.60522,29.25176],[-89.64112,29.29042],[-89.84212,29.31877],[-89.88519,29.30674],[-90.05747,29.1839],[-90.22258,29.08511],[-90.24771,29.0937],[-90.23335,29.12892],[-90.27642,29.14266],[-90.2836,29.17788],[-90.26206,29.18046],[-90.30514,29.26637],[-90.34462,29.28956],[-90.37692,29.2887],[-90.37333,29.26465],[-90.40205,29.23372],[-90.39487,29.29901],[-90.43076,29.34712],[-90.47742,29.29214],[-90.52767,29.30417],[-90.5528,29.28527],[-90.57792,29.3119],[-90.59946,29.2887],[-90.56356,29.23458],[-90.60664,29.23802],[-90.63176,29.21482],[-90.64612,29.16843],[-90.67483,29.17445],[-90.69278,29.12548],[-90.72149,29.13579],[-90.78969,29.10744],[-90.81123,29.04215],[-90.86865,29.0559],[-90.85071,29.07394],[-90.89737,29.1315],[-90.96198,29.18046],[-91.00146,29.16929],[-91.09478,29.18733],[-91.13067,29.21568],[-91.22041,29.22599],[-91.27783,29.24747],[-91.33526,29.29901],[-91.29219,29.31104],[-91.26707,29.36086],[-91.23835,29.35056],[-91.19528,29.30588],[-91.17015,29.32478],[-91.17374,29.26637],[-91.1199,29.25176],[-91.13426,29.34111],[-91.21682,29.39609],[-91.21682,29.43217],[-91.2563,29.43818],[-91.2886,29.40296],[-91.33526,29.39179],[-91.32808,29.42701],[-91.36398,29.421],[-91.35321,29.4545],[-91.32091,29.47856],[-91.3568,29.51292],[-91.46089,29.46996],[-91.49678,29.53869],[-91.53267,29.53182],[-91.55421,29.63319],[-91.64753,29.63405],[-91.626,29.66239],[-91.62241,29.73541],[-91.73726,29.74916],[-91.78392,29.74057],[-91.85571,29.70792],[-91.88084,29.75689],[-91.85212,29.79211],[-91.82341,29.78954],[-91.83059,29.82905],[-91.88801,29.83592],[-91.93826,29.81702],[-91.97057,29.83421],[-91.97775,29.79984],[-92.06389,29.76892],[-92.11414,29.73971],[-92.13568,29.7672],[-92.20028,29.75345],[-92.20028,29.72596],[-92.16798,29.70019],[-92.10337,29.69332],[-92.13568,29.66755],[-92.10696,29.61343],[-92.03517,29.63147],[-92.01723,29.616],[-92.06389,29.60398],[-92.04235,29.5868],[-92.15721,29.58164],[-92.25053,29.53955],[-92.32232,29.53182],[-92.61664,29.58594],[-92.74227,29.62202],[-92.94686,29.70878],[-93.02941,29.73627],[-93.17657,29.77064],[-93.29502,29.77493],[-93.34527,29.7629],[-93.47448,29.76892],[-93.68266,29.74744],[-93.74368,29.73627],[-93.837,29.69074],[-93.89802,29.77149],[-93.93032,29.79727],[-93.92314,29.81874],[-93.86213,29.8574],[-93.81546,29.92097],[-93.79034,29.98798],[-93.74009,30.02148],[-93.70061,30.06529],[-93.73291,30.08162],[-93.68984,30.14175],[-93.72214,30.20962],[-93.7042,30.24312],[-93.70779,30.28865],[-93.76521,30.33332],[-93.74368,30.39689],[-93.69702,30.4407],[-93.71496,30.51888],[-93.74009,30.53949],[-93.72932,30.57386],[-93.67907,30.59963],[-93.67189,30.65804],[-93.62882,30.67952],[-93.61805,30.74223],[-93.58575,30.79635],[-93.55345,30.8247],[-93.5678,30.87882],[-93.55704,30.91147],[-93.52473,30.93037],[-93.5678,30.97761],[-93.56421,31.00596],[-93.51755,31.024],[-93.52473,31.07039],[-93.55345,31.09702],[-93.53191,31.18465],[-93.60011,31.17434],[-93.62164,31.27141],[-93.64318,31.26969],[-93.68625,31.31007],[-93.66471,31.3556],[-93.67548,31.39769],[-93.7042,31.41058],[-93.70061,31.43807],[-93.75086,31.469],[-93.72932,31.49219],[-93.74009,31.52226],[-93.78675,31.52741],[-93.81905,31.5549],[-93.84059,31.59871],[-93.81546,31.62277],[-93.82623,31.66143],[-93.80111,31.69751],[-93.82982,31.74561],[-93.82264,31.77482],[-93.87648,31.82207],[-93.90879,31.89337],[-93.97339,31.92],[-94.01288,31.98186],[-94.04159,31.99216],[-94.04159,33.0196]]]]}},{"type":"Feature","id":"MA","properties":{"abbr":"MA","name":"Massachusetts","fips":"25"},"geometry":{"type":"MultiPolygon","coordinates":[[[[-70.27687,41.31038],[-70.23021,41.28977],[-70.12612,41.29406],[-70.06152,41.30867],[-70.01845,41.3688],[-69.96102,41.2786],[-69.96461,41.25283],[-70.0005,41.23908],[-70.11895,41.24252],[-70.26611,41.29406],[-70.27687,41.31038]]],[[[-70.83322,41.35334],[-70.76861,41.35334],[-70.70041,41.43065],[-70.6035,41.4822],[-70.56402,41.46931],[-70.53889,41.40918],[-70.48505,41.38598],[-70.44916,41.42034],[-70.45275,41.34818],[-70.59991,41.34904],[-70.71118,41.34131],[-70.77579,41.30093],[-70.83322,41.35334]]],[[[-73.26317,42.74587],[-72.45917,42.72697],[-71.7449,42.70722],[-71.29264,42.69691],[-71.25675,42.73642],[-71.18138,42.73728],[-71.18497,42.79054],[-71.13113,42.82147],[-71.06293,42.80601],[-71.03063,42.85927],[-70.90141,42.88676],[-70.84757,42.86099],[-70.81886,42.87216],[-70.81168,42.8103],[-70.77938,42.69347],[-70.68964,42.65309],[-70.64657,42.68918],[-70.59632,42.65997],[-70.65375,42.58265],[-70.7363,42.57664],[-70.8727,42.54657],[-70.82963,42.50362],[-70.89423,42.46067],[-70.91936,42.4684],[-70.9373,42.41771],[-70.95166,42.45293],[-70.99114,42.4074],[-70.95166,42.34383],[-70.99832,42.35242],[-71.01627,42.32837],[-70.98755,42.30603],[-71.0055,42.28284],[-70.95525,42.27081],[-70.93372,42.30174],[-70.88347,42.30861],[-70.85116,42.26824],[-70.76502,42.24418],[-70.72195,42.2081],[-70.71477,42.16859],[-70.63939,42.08869],[-70.64298,42.04574],[-70.66811,42.01224],[-70.71118,42.00794],[-70.70041,41.98732],[-70.62504,41.94351],[-70.58196,41.95038],[-70.55325,41.92977],[-70.52454,41.85846],[-70.54248,41.81551],[-70.49582,41.77428],[-70.41327,41.74421],[-70.29123,41.7339],[-70.25893,41.71414],[-70.19073,41.75194],[-70.12253,41.75881],[-70.02562,41.78716],[-70.00409,41.80864],[-70.00768,41.8765],[-70.02921,41.92891],[-70.07587,41.90228],[-70.07587,41.98561],[-70.09382,42.03285],[-70.14766,42.06206],[-70.17996,42.05605],[-70.19791,42.02255],[-70.23739,42.07323],[-70.19073,42.08268],[-70.11536,42.06722],[-70.0328,42.01739],[-69.9682,41.91173],[-69.93589,41.8095],[-69.92871,41.69181],[-69.98255,41.58099],[-69.98973,41.54319],[-70.01486,41.55092],[-69.97178,41.64714],[-69.99691,41.66689],[-70.09023,41.6626],[-70.24457,41.62824],[-70.35225,41.63511],[-70.37737,41.61106],[-70.43839,41.60504],[-70.49223,41.55178],[-70.61068,41.54319],[-70.73271,41.48649],[-70.79014,41.44612],[-70.86552,41.42206],[-70.94807,41.40918],[-70.92654,41.43151],[-70.80091,41.46072],[-70.74348,41.5011],[-70.65734,41.54319],[-70.63939,41.57755],[-70.64657,41.67806],[-70.62504,41.71328],[-70.71836,41.73562],[-70.71836,41.68493],[-70.74348,41.69696],[-70.75784,41.65401],[-70.80809,41.65659],[-70.80091,41.6291],[-70.91218,41.61965],[-70.9373,41.57755],[-70.93013,41.53975],[-70.95166,41.51484],[-71.04139,41.49508],[-71.08447,41.50969],[-71.12036,41.49766],[-71.13113,41.66002],[-71.19573,41.67548],[-71.22445,41.71071],[-71.26034,41.75194],[-71.32854,41.78029],[-71.34648,41.8284],[-71.33931,41.89798],[-71.38238,41.89283],[-71.38238,42.01911],[-71.79874,42.00794],[-71.80232,42.0234],[-72.52736,42.03457],[-72.60633,42.03114],[-72.75708,42.03629],[-72.76784,42.00279],[-72.81809,41.99763],[-72.81451,42.03629],[-73.00833,42.03887],[-73.43186,42.05089],[-73.4857,42.05003],[-73.50724,42.08612],[-73.3852,42.42544],[-73.26317,42.74587]]]]}},{"type":"Feature","id":"MD","properties":{"abbr":"MD","name":"Maryland","fips":"24"},"geometry":{"type":"MultiPolygon","coordinates":[[[[-75.99462,37.95318],[-76.04487,37.95318],[-76.04846,38.01503],[-76.01974,38.03909],[-75.98026,38.00472],[-75.99462,37.95318]]],[[[-76.09512,38.12499],[-76.08794,38.19286],[-76.04846,38.20402],[-76.02333,38.17825],[-76.00539,38.07688],[-76.05923,38.09492],[-76.04487,38.11812],[-76.09512,38.12499]]],[[[-76.39662,38.771],[-76.37867,38.78819],[-76.36073,38.74867],[-76.39662,38.771]]],[[[-79.47624,39.72112],[-78.3815,39.72284],[-77.53443,39.72027],[-76.99244,39.72027],[-76.56891,39.72112],[-75.79003,39.72198],[-75.79003,39.6481],[-75.7003,38.52188],[-75.69312,38.46002],[-75.42751,38.45229],[-75.05064,38.45143],[-75.05422,38.41449],[-75.08653,38.32429],[-75.10448,38.31141],[-75.17626,38.13015],[-75.24087,38.02706],[-75.62492,37.99441],[-75.64646,37.94717],[-75.66799,37.9506],[-75.71466,37.97637],[-75.78285,37.97294],[-75.86182,37.91796],[-75.89412,37.9171],[-75.89771,37.97466],[-75.87258,38.03479],[-75.81157,38.05884],[-75.87258,38.06056],[-75.86541,38.09922],[-75.82592,38.13358],[-75.9013,38.14131],[-75.94437,38.11296],[-75.95873,38.13702],[-75.94078,38.18684],[-75.84746,38.21004],[-75.86899,38.24354],[-75.9013,38.23237],[-75.91566,38.2633],[-75.86182,38.35951],[-75.91566,38.3389],[-75.94078,38.29852],[-75.94078,38.24698],[-75.96949,38.24612],[-76.00898,38.31227],[-75.96949,38.32],[-75.97308,38.36553],[-76.0018,38.37412],[-76.01616,38.33202],[-76.04846,38.30368],[-76.02692,38.28048],[-76.05923,38.22722],[-76.07358,38.25213],[-76.1346,38.23237],[-76.16691,38.24268],[-76.22433,38.31398],[-76.25664,38.32515],[-76.24946,38.36209],[-76.3356,38.49181],[-76.26382,38.50384],[-76.24587,38.53734],[-76.27458,38.53133],[-76.30689,38.57514],[-76.27817,38.6095],[-76.2351,38.6284],[-76.21357,38.60692],[-76.1705,38.62926],[-76.16691,38.59833],[-76.08794,38.5906],[-76.04128,38.5571],[-76.02692,38.56569],[-76.08435,38.62496],[-76.14537,38.63699],[-76.17408,38.67307],[-76.19921,38.67049],[-76.25664,38.73664],[-76.27458,38.71259],[-76.31766,38.72977],[-76.32125,38.67908],[-76.34637,38.68596],[-76.3356,38.77272],[-76.271,38.85176],[-76.22075,38.8131],[-76.19203,38.82169],[-76.2028,38.92821],[-76.23151,38.94282],[-76.29253,38.90244],[-76.3356,38.90588],[-76.33201,38.86464],[-76.37509,38.85004],[-76.36073,38.93938],[-76.3033,39.02614],[-76.27817,38.98233],[-76.2028,38.97288],[-76.16332,38.99951],[-76.18485,39.0459],[-76.14537,39.09315],[-76.2028,39.08542],[-76.21357,39.04075],[-76.19921,39.01412],[-76.24228,39.02872],[-76.23151,39.08284],[-76.25305,39.13353],[-76.27817,39.14555],[-76.22075,39.26239],[-76.17767,39.29847],[-76.18485,39.31908],[-76.1346,39.34056],[-76.10948,39.37235],[-76.0018,39.36719],[-76.04128,39.38781],[-75.97667,39.44794],[-76.01257,39.4531],[-75.96949,39.5579],[-76.09512,39.53729],[-76.11666,39.49605],[-76.07358,39.47543],[-76.05923,39.44794],[-76.1023,39.43592],[-76.22433,39.35259],[-76.24946,39.37922],[-76.22433,39.42561],[-76.25305,39.44966],[-76.25305,39.41186],[-76.28535,39.36805],[-76.25664,39.33884],[-76.28176,39.29933],[-76.3033,39.3818],[-76.35714,39.39382],[-76.3356,39.30534],[-76.36432,39.31221],[-76.38585,39.27613],[-76.34278,39.25723],[-76.41816,39.21943],[-76.44328,39.19538],[-76.48994,39.20225],[-76.49712,39.22459],[-76.57609,39.2641],[-76.56532,39.22459],[-76.53301,39.21342],[-76.52584,39.1782],[-76.42892,39.13181],[-76.42175,39.07425],[-76.43969,39.05278],[-76.39303,39.01154],[-76.47559,38.97288],[-76.45046,38.9411],[-76.46123,38.90674],[-76.49353,38.91017],[-76.51866,38.86292],[-76.49712,38.81739],[-76.55814,38.76757],[-76.52584,38.72461],[-76.53301,38.67823],[-76.51148,38.61551],[-76.51866,38.53906],[-76.49353,38.48322],[-76.41457,38.41449],[-76.38585,38.36123],[-76.41816,38.32257],[-76.46841,38.32859],[-76.4361,38.29251],[-76.4038,38.31141],[-76.37509,38.29938],[-76.40021,38.259],[-76.38585,38.21777],[-76.32125,38.13874],[-76.33919,38.11984],[-76.32125,38.03651],[-76.35355,38.05283],[-76.39303,38.10266],[-76.42175,38.10609],[-76.43969,38.16107],[-76.46841,38.15334],[-76.47559,38.10437],[-76.50071,38.13702],[-76.52942,38.13444],[-76.54737,38.17568],[-76.59044,38.21433],[-76.673,38.23409],[-76.79862,38.23667],[-76.82734,38.34749],[-76.85605,38.35866],[-76.87041,38.33202],[-76.83451,38.27361],[-76.84169,38.25471],[-76.92066,38.29165],[-76.92784,38.32086],[-76.9745,38.34749],[-77.01757,38.44542],[-77.08935,38.40762],[-77.2078,38.35951],[-77.25087,38.38271],[-77.276,38.4815],[-77.23652,38.55194],[-77.18268,38.60091],[-77.11089,38.62668],[-77.12884,38.63527],[-77.13243,38.67393],[-77.1073,38.69712],[-77.04269,38.7186],[-77.0391,38.79162],[-76.90989,38.89299],[-77.04269,38.99436],[-77.11807,38.93423],[-77.15037,38.96601],[-77.22216,38.97117],[-77.25087,38.98577],[-77.24728,39.027],[-77.34061,39.06308],[-77.46264,39.07597],[-77.48418,39.10947],[-77.52007,39.12064],[-77.51648,39.17047],[-77.48418,39.18593],[-77.45905,39.22802],[-77.54161,39.26496],[-77.56314,39.30362],[-77.61698,39.30276],[-77.67441,39.32424],[-77.72107,39.32166],[-77.75696,39.33369],[-77.73543,39.38781],[-77.75337,39.42475],[-77.78568,39.43506],[-77.7785,39.46341],[-77.8467,39.49863],[-77.88977,39.5579],[-77.83234,39.57079],[-77.83234,39.60257],[-77.88259,39.59914],[-77.94361,39.6189],[-78.00821,39.60171],[-78.03693,39.63608],[-78.09795,39.67817],[-78.18409,39.69535],[-78.28459,39.62061],[-78.35279,39.64037],[-78.38509,39.60859],[-78.43534,39.61804],[-78.39586,39.59055],[-78.44252,39.59141],[-78.41739,39.54931],[-78.46764,39.51667],[-78.56814,39.5201],[-78.59327,39.53557],[-78.65429,39.53471],[-78.72607,39.56392],[-78.73325,39.58625],[-78.77991,39.60171],[-78.73325,39.61374],[-78.77991,39.62233],[-78.91631,39.4866],[-78.95579,39.44021],[-79.05629,39.47114],[-79.09577,39.47286],[-79.14243,39.40843],[-79.2537,39.35688],[-79.28959,39.29933],[-79.33266,39.30018],[-79.45111,39.2117],[-79.487,39.20569],[-79.47624,39.72112]]]]}},{"type":"Feature","id":"ME","properties":{"abbr":"ME","name":"Maine","fips":"23"},"geometry":{"type":"MultiPolygon","coordinates":[[[[-68.37096,44.19339],[-68.32071,44.1994],[-68.34583,44.16934],[-68.37096,44.19339]]],[[[-68.50017,44.15989],[-68.47505,44.23119],[-68.45351,44.20198],[-68.38532,44.15473],[-68.43916,44.11607],[-68.4571,44.14528],[-68.50017,44.15989]]],[[[-68.52889,44.34458],[-68.51812,44.38066],[-68.47864,44.31967],[-68.52889,44.34458]]],[[[-68.84116,44.23634],[-68.79091,44.23806],[-68.78014,44.20284],[-68.84116,44.23634]]],[[[-68.91294,43.8532],[-68.88423,43.88499],[-68.88064,43.82056],[-68.91294,43.8532]]],[[[-68.94525,44.11264],[-68.91653,44.14786],[-68.8268,44.18652],[-68.78732,44.14356],[-68.81962,44.13669],[-68.76937,44.06968],[-68.80885,44.03618],[-68.87346,44.02501],[-68.91653,44.04563],[-68.89859,44.06711],[-68.90935,44.11006],[-68.94525,44.11264]]],[[[-68.96678,44.2518],[-68.92012,44.31022],[-68.91294,44.3652],[-68.88064,44.38668],[-68.8591,44.36434],[-68.89141,44.33427],[-68.88782,44.30335],[-68.91653,44.24321],[-68.95243,44.2183],[-68.96678,44.2518]]],[[[-70.704,43.05943],[-70.82963,43.12901],[-70.82963,43.18829],[-70.80809,43.22437],[-70.95525,43.33433],[-70.98755,43.37986],[-70.95884,43.46662],[-70.9732,43.47521],[-70.95166,43.55081],[-70.9732,43.57057],[-70.99114,43.83946],[-70.99114,43.91591],[-71.03063,44.65556],[-71.08447,45.30587],[-71.00909,45.31876],[-71.00909,45.34711],[-70.91936,45.31188],[-70.92295,45.27924],[-70.89782,45.2423],[-70.85834,45.22941],[-70.81168,45.30243],[-70.8045,45.37631],[-70.82604,45.40037],[-70.78297,45.43129],[-70.75425,45.42872],[-70.71118,45.39092],[-70.6358,45.38319],[-70.63221,45.41669],[-70.71836,45.48799],[-70.72195,45.51548],[-70.64298,45.6074],[-70.59273,45.6306],[-70.55325,45.66754],[-70.52454,45.66668],[-70.4707,45.7019],[-70.38455,45.73454],[-70.41686,45.79554],[-70.34148,45.85223],[-70.25893,45.89089],[-70.24098,45.939],[-70.26611,45.96305],[-70.31636,45.96305],[-70.31636,46.01975],[-70.28046,46.05239],[-70.30918,46.06442],[-70.25534,46.10823],[-70.23739,46.14775],[-70.29123,46.18555],[-70.2338,46.28434],[-70.20509,46.2998],[-70.20868,46.33159],[-70.14766,46.35908],[-70.09741,46.40976],[-70.05793,46.41664],[-69.99691,46.69497],[-69.22521,47.45953],[-69.17855,47.45696],[-69.08164,47.42431],[-69.04216,47.42775],[-69.05293,47.37792],[-69.04934,47.2568],[-69.03498,47.24133],[-68.90218,47.17862],[-68.81244,47.21556],[-68.71912,47.24133],[-68.61862,47.24305],[-68.57914,47.28772],[-68.47146,47.29717],[-68.38173,47.28686],[-68.38173,47.34012],[-68.3243,47.35988],[-68.23457,47.35473],[-68.15201,47.3238],[-68.13766,47.29631],[-68.01921,47.2379],[-67.88999,47.1245],[-67.88999,47.11161],[-67.78949,47.0678],[-67.78949,46.59962],[-67.77873,46.00429],[-67.78232,45.94329],[-67.75001,45.91752],[-67.80385,45.88402],[-67.7536,45.82388],[-67.80744,45.79468],[-67.80385,45.67784],[-67.7213,45.66238],[-67.71053,45.67956],[-67.67464,45.6306],[-67.60644,45.60654],[-67.49876,45.58678],[-67.44851,45.60311],[-67.4198,45.54984],[-67.41621,45.50174],[-67.46287,45.50861],[-67.50235,45.48971],[-67.47723,45.43129],[-67.4198,45.37717],[-67.4521,45.31446],[-67.48799,45.27924],[-67.40544,45.17959],[-67.40544,45.15983],[-67.34083,45.12547],[-67.29417,45.14952],[-67.29058,45.18904],[-67.22597,45.16327],[-67.15778,45.16069],[-67.11112,45.11258],[-67.08958,45.06877],[-67.1183,45.05674],[-67.0824,45.02925],[-67.03933,44.94507],[-66.98549,44.91242],[-66.9819,44.81105],[-67.02497,44.7681],[-67.06087,44.76982],[-67.07522,44.74233],[-67.19008,44.64525],[-67.27622,44.62378],[-67.26187,44.60488],[-67.31571,44.59801],[-67.29417,44.63409],[-67.30853,44.70711],[-67.40544,44.68133],[-67.36237,44.63151],[-67.40544,44.59457],[-67.44492,44.60574],[-67.49158,44.55591],[-67.53824,44.57138],[-67.57414,44.56107],[-67.56696,44.531],[-67.50953,44.49664],[-67.58849,44.44767],[-67.63515,44.48719],[-67.65669,44.53615],[-67.70335,44.52756],[-67.71412,44.49492],[-67.74283,44.4975],[-67.76796,44.54818],[-67.79308,44.49492],[-67.82539,44.48289],[-67.8541,44.41932],[-67.87923,44.43564],[-67.90076,44.39441],[-67.91512,44.43049],[-67.98691,44.38668],[-68.00485,44.40987],[-68.04792,44.33084],[-68.10535,44.36434],[-68.10535,44.39527],[-68.14124,44.37723],[-68.18073,44.38496],[-68.17355,44.32826],[-68.23098,44.26727],[-68.19149,44.23892],[-68.31712,44.22517],[-68.39967,44.25266],[-68.4571,44.34458],[-68.43557,44.3695],[-68.3566,44.39269],[-68.38891,44.43135],[-68.43557,44.40128],[-68.42839,44.43908],[-68.46428,44.4365],[-68.46069,44.37809],[-68.47864,44.37809],[-68.47864,44.43307],[-68.56478,44.38496],[-68.54683,44.35489],[-68.56837,44.31795],[-68.51812,44.2604],[-68.52889,44.22174],[-68.61144,44.15559],[-68.57914,44.14614],[-68.62221,44.11951],[-68.58273,44.0714],[-68.60067,44.01213],[-68.6581,44.00354],[-68.66887,44.07656],[-68.64734,44.07999],[-68.6581,44.12724],[-68.71912,44.1659],[-68.73348,44.22088],[-68.67964,44.26469],[-68.74784,44.29905],[-68.7263,44.32139],[-68.76219,44.32998],[-68.8268,44.31194],[-68.82321,44.40901],[-68.78373,44.44681],[-68.78014,44.48976],[-68.80526,44.50179],[-68.83039,44.46227],[-68.88064,44.42791],[-68.92012,44.45626],[-68.94525,44.42877],[-68.99909,44.42533],[-68.94884,44.35575],[-68.9596,44.31452],[-69.00268,44.29476],[-69.03857,44.23376],[-69.05293,44.17191],[-69.09959,44.10491],[-69.03139,44.07913],[-69.07805,44.05508],[-69.04216,44.00611],[-69.07805,43.97347],[-69.17496,43.97691],[-69.22162,43.91505],[-69.27546,43.91419],[-69.28264,43.86437],[-69.32212,43.85664],[-69.32212,43.90131],[-69.297,43.93309],[-69.3293,43.94598],[-69.34007,43.92021],[-69.38314,43.90904],[-69.36519,43.96488],[-69.4298,43.95715],[-69.42621,43.91248],[-69.48364,43.88069],[-69.50159,43.83774],[-69.54466,43.88155],[-69.55184,43.84117],[-69.60568,43.81368],[-69.64875,43.83602],[-69.65952,43.77932],[-69.70618,43.82313],[-69.75284,43.7441],[-69.83539,43.72091],[-69.85334,43.70458],[-69.87128,43.77589],[-69.92871,43.78018],[-69.98255,43.7441],[-70.0005,43.7106],[-70.07228,43.71403],[-70.09741,43.67194],[-70.1692,43.67538],[-70.20509,43.63328],[-70.21586,43.59033],[-70.19791,43.56542],[-70.22662,43.53793],[-70.27329,43.56284],[-70.35225,43.53621],[-70.38455,43.49669],[-70.36302,43.43913],[-70.39173,43.40219],[-70.42762,43.38931],[-70.41686,43.36096],[-70.46711,43.34034],[-70.51736,43.34378],[-70.55325,43.3223],[-70.59273,43.23811],[-70.57479,43.22179],[-70.62504,43.15307],[-70.62145,43.13417],[-70.6717,43.0706],[-70.704,43.05943]]]]}},{"type":"Feature","id":"MI","properties":{"abbr":"MI","name":"Michigan","fips":"26"},"geometry":{"type":"MultiPolygon","coordinates":[[[[-84.652,45.86254],[-84.62328,45.87715],[-84.59098,45.8256],[-84.35767,45.77148],[-84.41869,45.72166],[-84.50125,45.73712],[-84.5515,45.78952],[-84.652,45.86254]]],[[[-85.39498,45.77835],[-85.37703,45.81272],[-85.35191,45.79554],[-85.39498,45.77835]]],[[[-85.5242,45.8299],[-85.44882,45.79639],[-85.46318,45.76547],[-85.53137,45.79811],[-85.5242,45.8299]]],[[[-85.62829,45.59795],[-85.60316,45.63919],[-85.59239,45.69846],[-85.57086,45.71135],[-85.56727,45.76031],[-85.50266,45.7543],[-85.50625,45.68128],[-85.49189,45.60998],[-85.56009,45.57218],[-85.62829,45.59795]]],[[[-85.70007,45.73626],[-85.65341,45.74313],[-85.67136,45.69674],[-85.69648,45.6976],[-85.70007,45.73626]]],[[[-85.88312,45.44332],[-85.83646,45.42872],[-85.83287,45.37803],[-85.88312,45.44332]]],[[[-86.06618,45.14007],[-86.04464,45.15983],[-85.97645,45.13835],[-85.99798,45.05588],[-86.059,45.10056],[-86.06618,45.14007]]],[[[-86.15591,45.01035],[-86.11643,45.04815],[-86.09489,45.00778],[-86.15591,45.01035]]],[[[-86.69072,45.61685],[-86.61893,45.56187],[-86.64764,45.54297],[-86.662,45.5739],[-86.71225,45.61084],[-86.69072,45.61685]]],[[[-86.82352,41.76053],[-86.71584,41.81895],[-86.61893,41.89369],[-86.48613,42.1179],[-86.36409,42.24332],[-86.29589,42.35844],[-86.26,42.44348],[-86.22411,42.59468],[-86.2277,42.6445],[-86.20616,42.71924],[-86.20975,42.85927],[-86.23129,43.01562],[-86.27077,43.11871],[-86.39639,43.31629],[-86.43588,43.39704],[-86.47895,43.51559],[-86.53997,43.61782],[-86.53997,43.65905],[-86.461,43.74668],[-86.43588,43.78963],[-86.43229,43.85578],[-86.46459,43.97089],[-86.51484,44.04821],[-86.50048,44.0757],[-86.4287,44.11951],[-86.34255,44.24923],[-86.26718,44.34544],[-86.25282,44.45197],[-86.22052,44.56708],[-86.26,44.66329],[-86.25641,44.69164],[-86.1595,44.72858],[-86.08771,44.74147],[-86.06618,44.82136],[-86.07336,44.88493],[-86.03746,44.91586],[-85.9908,44.9004],[-85.93338,44.96912],[-85.86877,44.93905],[-85.80775,44.95022],[-85.77904,44.97771],[-85.74673,45.05159],[-85.71084,45.06533],[-85.657,45.14609],[-85.61752,45.18646],[-85.58521,45.18045],[-85.54214,45.21052],[-85.53137,45.17701],[-85.59957,45.14952],[-85.61034,45.11344],[-85.56727,45.04386],[-85.64982,44.97427],[-85.60316,44.9906],[-85.60316,44.92703],[-85.6247,44.92101],[-85.65341,44.84885],[-85.62829,44.76724],[-85.59957,44.76552],[-85.53137,44.89009],[-85.52061,44.97427],[-85.47395,44.99146],[-85.50266,44.85572],[-85.5565,44.81793],[-85.57803,44.76037],[-85.52778,44.74834],[-85.49907,44.80418],[-85.47395,44.81535],[-85.39498,44.93132],[-85.37703,44.99833],[-85.38062,45.04644],[-85.36627,45.11688],[-85.3878,45.1899],[-85.36986,45.27065],[-85.30884,45.31274],[-85.27294,45.31532],[-85.20834,45.35656],[-85.14373,45.3703],[-85.054,45.36429],[-84.96068,45.37631],[-84.9176,45.3935],[-84.92119,45.42184],[-85.03964,45.43645],[-85.08989,45.47682],[-85.11861,45.57476],[-85.06118,45.63919],[-85.01452,45.65121],[-84.94273,45.71049],[-84.94991,45.73712],[-85.01452,45.76031],[-84.79916,45.74743],[-84.77403,45.78952],[-84.55509,45.7019],[-84.46176,45.65207],[-84.4151,45.66925],[-84.37562,45.65551],[-84.32896,45.6641],[-84.2141,45.63489],[-84.12796,45.56187],[-84.11719,45.5129],[-84.05617,45.48971],[-83.93773,45.49315],[-83.90901,45.48541],[-83.80492,45.41927],[-83.72237,45.41325],[-83.60033,45.35226],[-83.49624,45.35741],[-83.42087,45.29041],[-83.38139,45.26893],[-83.41369,45.24574],[-83.35985,45.16327],[-83.32037,45.1375],[-83.27012,45.02324],[-83.3419,45.04128],[-83.39933,45.07049],[-83.45317,45.03527],[-83.43882,44.94077],[-83.39574,44.90297],[-83.32037,44.88064],[-83.30242,44.82995],[-83.29883,44.74576],[-83.27371,44.71398],[-83.28807,44.65299],[-83.31678,44.59543],[-83.3096,44.53959],[-83.32755,44.44423],[-83.33114,44.34029],[-83.37421,44.3274],[-83.42446,44.27242],[-83.5106,44.27414],[-83.53932,44.24837],[-83.56803,44.15559],[-83.58239,44.0568],[-83.65058,44.0525],[-83.6793,44.03618],[-83.6793,43.99409],[-83.83005,43.98893],[-83.87671,43.95887],[-83.90901,43.89358],[-83.92696,43.78705],[-83.95567,43.75097],[-83.90901,43.6728],[-83.85158,43.64531],[-83.81928,43.67366],[-83.80133,43.64101],[-83.72955,43.62297],[-83.68289,43.59033],[-83.64699,43.60407],[-83.54649,43.70716],[-83.49624,43.70716],[-83.47112,43.72864],[-83.49624,43.77245],[-83.46394,43.81025],[-83.43164,43.88499],[-83.41728,43.84203],[-83.34908,43.86866],[-83.33114,43.89358],[-83.40651,43.92021],[-83.32037,43.91763],[-83.28089,43.93825],[-83.26294,43.97347],[-83.18039,43.98206],[-83.05835,44.00611],[-83.02605,44.04477],[-82.91478,44.07054],[-82.8753,44.04477],[-82.79274,44.0233],[-82.7389,43.98979],[-82.67789,43.88413],[-82.64199,43.85234],[-82.61687,43.76901],[-82.59892,43.59033],[-82.5379,43.43742],[-82.52355,43.22523],[-82.48765,43.10238],[-82.42305,43.00789],[-82.41587,42.96665],[-82.45535,42.92713],[-82.48047,42.80257],[-82.46612,42.7622],[-82.50919,42.66512],[-82.52355,42.60756],[-82.58815,42.55087],[-82.64199,42.5543],[-82.68506,42.51822],[-82.68147,42.57492],[-82.71378,42.59812],[-82.67789,42.61186],[-82.62405,42.66512],[-82.6743,42.68746],[-82.72814,42.68316],[-82.79633,42.65395],[-82.82146,42.62646],[-82.78915,42.60327],[-82.78197,42.56461],[-82.83581,42.56805],[-82.8753,42.52338],[-82.87171,42.45122],[-82.89683,42.38507],[-82.95785,42.33954],[-83.06553,42.31806],[-83.13014,42.23473],[-83.12296,42.12563],[-83.13373,42.08783],[-83.18757,42.06636],[-83.19115,42.00622],[-83.24858,41.97272],[-83.27012,41.93922],[-83.31678,41.93578],[-83.3419,41.87994],[-83.38139,41.87049],[-83.4424,41.80864],[-83.42446,41.74077],[-83.45317,41.73304],[-83.76185,41.72359],[-84.36126,41.70641],[-84.80634,41.6961],[-84.80634,41.76053],[-85.11861,41.75967],[-85.7898,41.75881],[-86.50048,41.75967],[-86.82352,41.76053]]],[[[-89.25347,47.87618],[-89.1781,47.93545],[-88.83711,48.05658],[-88.81199,48.05486],[-88.65765,48.13905],[-88.54638,48.17513],[-88.52485,48.16568],[-88.42435,48.19059],[-88.42793,48.16654],[-88.47101,48.15279],[-88.57868,48.08407],[-88.57868,48.0583],[-88.66842,48.01105],[-88.85147,47.96552],[-89.00222,47.90882],[-88.99504,47.89164],[-88.91249,47.89164],[-89.12426,47.82893],[-89.18886,47.83151],[-89.25347,47.87618]]],[[[-90.4164,46.56611],[-90.34821,46.60047],[-90.30514,46.60305],[-90.16515,46.64515],[-90.02876,46.67435],[-89.91749,46.7405],[-89.84929,46.79548],[-89.79187,46.81868],[-89.67342,46.83328],[-89.61958,46.81868],[-89.51549,46.84187],[-89.43653,46.83929],[-89.24988,46.90372],[-89.1422,46.98447],[-89.06324,46.98877],[-88.95915,47.00853],[-88.92326,47.04203],[-88.90531,47.08584],[-88.81558,47.14168],[-88.76533,47.15543],[-88.65765,47.22587],[-88.5751,47.24563],[-88.49972,47.29374],[-88.46024,47.34012],[-88.38845,47.3848],[-88.18027,47.45782],[-87.97927,47.47929],[-87.79981,47.47328],[-87.71725,47.43978],[-87.71366,47.40112],[-87.75315,47.40541],[-87.81417,47.3848],[-87.88236,47.39596],[-87.95774,47.38737],[-87.93979,47.347],[-88.05465,47.29803],[-88.16233,47.21642],[-88.23052,47.19924],[-88.24847,47.13567],[-88.27359,47.1434],[-88.29872,47.09873],[-88.34897,47.07639],[-88.36692,47.01884],[-88.40999,46.9776],[-88.44229,46.97245],[-88.48536,46.83156],[-88.46383,46.78689],[-88.49613,46.75682],[-88.45665,46.7594],[-88.38486,46.83414],[-88.37409,46.87194],[-88.34897,46.86077],[-88.24488,46.92949],[-88.14438,46.96643],[-88.18745,46.91919],[-88.23052,46.89857],[-88.28436,46.83242],[-88.17668,46.90458],[-88.08336,46.92004],[-88.03311,46.90888],[-87.90031,46.90974],[-87.84647,46.88396],[-87.81775,46.89084],[-87.75674,46.86077],[-87.72802,46.82727],[-87.67418,46.83672],[-87.59522,46.78259],[-87.58445,46.73019],[-87.52343,46.6881],[-87.5019,46.64772],[-87.45165,46.60563],[-87.38345,46.59274],[-87.39063,46.52488],[-87.35115,46.50082],[-87.25782,46.48794],[-87.10707,46.49653],[-87.01734,46.53347],[-86.97786,46.5266],[-86.92761,46.46474],[-86.88454,46.44155],[-86.81634,46.43811],[-86.78763,46.47763],[-86.7302,46.47162],[-86.69789,46.43897],[-86.68354,46.49825],[-86.70866,46.54378],[-86.65123,46.56096],[-86.62611,46.53347],[-86.64764,46.48536],[-86.58663,46.46302],[-86.4933,46.52488],[-86.34973,46.57814],[-86.13796,46.67264],[-86.09848,46.65459],[-85.87954,46.69068],[-85.71443,46.67693],[-85.5888,46.67435],[-85.48112,46.68037],[-85.25859,46.75339],[-85.17244,46.7637],[-85.06477,46.75768],[-84.94991,46.76971],[-85.02887,46.69755],[-85.03605,46.58157],[-85.02887,46.54292],[-85.05759,46.5266],[-85.02528,46.48278],[-84.96785,46.47591],[-84.93555,46.48966],[-84.91402,46.46732],[-84.86018,46.4699],[-84.79916,46.44584],[-84.67712,46.48794],[-84.63046,46.4845],[-84.59098,46.44498],[-84.59457,46.41492],[-84.50484,46.43897],[-84.47971,46.43296],[-84.44382,46.4888],[-84.37562,46.50941],[-84.29307,46.49309],[-84.25359,46.50082],[-84.22487,46.53433],[-84.12796,46.53003],[-84.11001,46.50426],[-84.14591,46.41835],[-84.12078,46.31527],[-84.11719,46.23366],[-84.22128,46.23194],[-84.25,46.1761],[-84.19616,46.16579],[-84.17821,46.18383],[-84.12437,46.18039],[-84.09566,46.14775],[-84.02746,46.13143],[-84.07412,46.09707],[-83.98798,46.03264],[-83.94491,46.03178],[-83.87312,45.99312],[-83.84441,46.02576],[-83.79416,45.9957],[-83.76544,46.01803],[-83.82287,46.10394],[-83.77262,46.09105],[-83.62546,46.10222],[-83.58239,46.08933],[-83.53214,46.01116],[-83.47471,45.98453],[-83.5106,45.92955],[-83.56085,45.91237],[-83.65776,45.94587],[-83.76903,45.93213],[-83.8803,45.96821],[-83.91978,45.9579],[-84.01669,45.95876],[-84.1136,45.97851],[-84.32896,45.95618],[-84.37562,45.93213],[-84.50843,45.9914],[-84.56226,46.03264],[-84.60893,46.02662],[-84.65559,46.05239],[-84.69148,46.01717],[-84.6843,45.97336],[-84.73814,45.94587],[-84.73455,45.90721],[-84.70225,45.85309],[-84.74532,45.83591],[-84.83146,45.87199],[-84.84223,45.89862],[-84.9176,45.93041],[-84.93555,45.95618],[-85.01452,46.01116],[-85.15091,46.05068],[-85.19757,46.04466],[-85.31602,46.08676],[-85.38062,46.08246],[-85.42728,46.10222],[-85.44523,46.08504],[-85.51343,46.09449],[-85.60316,46.03006],[-85.66418,45.96735],[-85.69648,45.96047],[-85.81134,45.98023],[-85.89389,45.96735],[-85.92261,45.94845],[-85.91543,45.91924],[-85.99798,45.95103],[-86.07336,45.96563],[-86.1595,45.9536],[-86.19539,45.96305],[-86.27795,45.94243],[-86.32461,45.90635],[-86.33179,45.85223],[-86.36409,45.79038],[-86.41434,45.79382],[-86.43947,45.76031],[-86.51843,45.74743],[-86.53997,45.70791],[-86.58663,45.70533],[-86.58663,45.66668],[-86.6297,45.65894],[-86.61534,45.60654],[-86.68713,45.63403],[-86.71943,45.66839],[-86.67636,45.69159],[-86.67277,45.7208],[-86.63329,45.74743],[-86.6297,45.78179],[-86.58304,45.77835],[-86.5292,45.85309],[-86.53997,45.89003],[-86.58304,45.89862],[-86.64764,45.83419],[-86.78404,45.85481],[-86.77327,45.811],[-86.81993,45.77062],[-86.83788,45.72252],[-86.94556,45.69588],[-86.9635,45.67269],[-86.98504,45.70619],[-86.97427,45.75344],[-86.98863,45.811],[-87.01734,45.83849],[-87.05323,45.82217],[-87.07118,45.71908],[-87.06041,45.70877],[-87.17168,45.66152],[-87.265,45.5507],[-87.32602,45.42528],[-87.39422,45.36944],[-87.466,45.27323],[-87.61316,45.12375],[-87.59163,45.0954],[-87.65983,45.10743],[-87.68854,45.1478],[-87.7352,45.17186],[-87.74238,45.19677],[-87.68854,45.29814],[-87.64906,45.33937],[-87.65624,45.36858],[-87.69572,45.39006],[-87.75315,45.34968],[-87.85006,45.34109],[-87.85006,45.34109],[-87.87518,45.38147],[-87.85006,45.40209],[-87.86083,45.43473],[-87.81417,45.46394],[-87.79263,45.4983],[-87.8034,45.53868],[-87.77468,45.59795],[-87.82493,45.66238],[-87.78186,45.67355],[-87.81058,45.71135],[-87.85724,45.72681],[-87.87877,45.75516],[-87.96492,45.7586],[-87.99722,45.79554],[-88.07259,45.78007],[-88.1372,45.81873],[-88.07618,45.8634],[-88.10131,45.88144],[-88.10131,45.92182],[-88.24488,45.96305],[-88.29513,45.95103],[-88.38127,45.9914],[-88.42435,45.97851],[-88.49972,45.99656],[-88.5069,46.01803],[-88.60381,46.01631],[-88.61458,45.98882],[-88.66483,45.98882],[-88.67918,46.01374],[-88.7402,46.02748],[-88.78327,46.01631],[-89.09195,46.1383],[-90.12208,46.33674],[-90.11849,46.35994],[-90.21899,46.5034],[-90.3159,46.51715],[-90.3518,46.53776],[-90.3518,46.53776],[-90.39487,46.53261],[-90.4164,46.56611]]]]}},{"type":"Feature","id":"MN","properties":{"abbr":"MN","name":"Minnesota","fips":"27"},"geometry":{"type":"Polygon","coordinates":[[[-97.22888,49.00069],[-96.93097,48.99983],[-95.97622,48.99983],[-95.15427,48.99897],[-95.15427,49.38469],[-95.05736,49.3529],[-94.95686,49.37008],[-94.85277,49.32455],[-94.82406,49.29449],[-94.77381,49.12096],[-94.74868,49.09948],[-94.68407,48.88385],[-94.70561,48.82458],[-94.69125,48.77819],[-94.641,48.74125],[-94.53691,48.70259],[-94.45077,48.69228],[-94.42206,48.70861],[-94.26413,48.69916],[-94.22464,48.64933],[-94.0057,48.64332],[-93.83341,48.62528],[-93.8047,48.56858],[-93.81546,48.52649],[-93.79393,48.51618],[-93.64318,48.5179],[-93.62523,48.53078],[-93.54627,48.52906],[-93.46371,48.54624],[-93.4673,48.58748],[-93.34886,48.627],[-93.20887,48.64246],[-93.17657,48.62356],[-92.98634,48.62356],[-92.72791,48.53937],[-92.63459,48.54281],[-92.631,48.50071],[-92.69919,48.4947],[-92.71355,48.46292],[-92.65612,48.43628],[-92.50896,48.44745],[-92.45512,48.40106],[-92.47666,48.37186],[-92.45512,48.32976],[-92.36898,48.22066],[-92.27925,48.24386],[-92.30796,48.31602],[-92.2613,48.35467],[-92.20746,48.34522],[-92.05671,48.35897],[-91.99928,48.32117],[-92.00646,48.26533],[-91.94544,48.23011],[-91.89519,48.23784],[-91.86289,48.20692],[-91.71573,48.19918],[-91.69778,48.14163],[-91.71214,48.115],[-91.64035,48.09696],[-91.5578,48.10812],[-91.56857,48.04369],[-91.4896,48.06775],[-91.43935,48.04885],[-91.37116,48.06947],[-91.24912,48.08407],[-91.08401,48.18114],[-91.02299,48.19231],[-90.97633,48.2198],[-90.8866,48.24557],[-90.83635,48.23441],[-90.83635,48.17685],[-90.77533,48.16224],[-90.79687,48.13991],[-90.76098,48.09867],[-90.70355,48.0961],[-90.57792,48.12101],[-90.55639,48.0961],[-90.46665,48.10898],[-90.37333,48.09352],[-90.30514,48.10469],[-90.13285,48.11156],[-90.02876,48.08751],[-89.99646,48.03081],[-89.87442,47.98528],[-89.82058,48.01535],[-89.74879,48.02308],[-89.70213,48.0059],[-89.61958,48.01105],[-89.5801,47.99559],[-89.49037,48.01449],[-89.58728,47.96638],[-89.62317,47.98356],[-89.63753,47.95435],[-89.69854,47.94147],[-89.79187,47.89164],[-89.92467,47.86243],[-89.97492,47.83065],[-90.16156,47.79285],[-90.33385,47.74646],[-90.38769,47.74131],[-90.53844,47.70265],[-90.5528,47.69062],[-90.73585,47.62447],[-90.86865,47.55661],[-91.12708,47.3994],[-91.1881,47.34012],[-91.38551,47.18721],[-91.47883,47.12536],[-91.57216,47.09014],[-91.66548,47.01454],[-91.70496,47.00509],[-91.80546,46.93379],[-91.84135,46.9252],[-92.0603,46.81008],[-92.0926,46.78861],[-92.06389,46.74566],[-92.01364,46.70614],[-92.08901,46.74909],[-92.13926,46.73964],[-92.15003,46.71473],[-92.20746,46.7027],[-92.17516,46.68638],[-92.21464,46.64944],[-92.2936,46.66319],[-92.2936,46.07473],[-92.3295,46.06614],[-92.35103,46.01545],[-92.43718,46.02147],[-92.47307,45.97336],[-92.52332,45.98453],[-92.55203,45.95188],[-92.64177,45.93213],[-92.71355,45.89175],[-92.78534,45.76461],[-92.8643,45.72252],[-92.88943,45.62458],[-92.88584,45.57905],[-92.81046,45.56101],[-92.77457,45.56874],[-92.72432,45.54125],[-92.72791,45.51462],[-92.64535,45.4416],[-92.64894,45.39865],[-92.70278,45.35827],[-92.69919,45.33336],[-92.76021,45.29127],[-92.75303,45.21309],[-92.76739,45.1856],[-92.74586,45.10743],[-92.80328,45.0576],[-92.7638,45.02839],[-92.77098,44.97256],[-92.74944,44.93733],[-92.77457,44.90125],[-92.7638,44.83682],[-92.80687,44.7681],[-92.78893,44.73717],[-92.7315,44.71398],[-92.62023,44.63924],[-92.62382,44.61862],[-92.57357,44.60488],[-92.54127,44.56708],[-92.3618,44.55935],[-92.31873,44.54474],[-92.28284,44.47774],[-92.23259,44.44509],[-92.05312,44.40128],[-91.97416,44.36778],[-91.92391,44.33342],[-91.92391,44.28789],[-91.89519,44.275],[-91.87725,44.20284],[-91.81623,44.16418],[-91.71932,44.12896],[-91.70855,44.10405],[-91.57933,44.02673],[-91.43935,44.00182],[-91.38551,43.95457],[-91.27783,43.83774],[-91.24553,43.77331],[-91.27424,43.67623],[-91.26707,43.61524],[-91.23117,43.58346],[-91.24553,43.54566],[-91.21682,43.50013],[-91.94903,43.50013],[-92.75303,43.50013],[-93.16939,43.49927],[-93.9698,43.49927],[-94.61588,43.50013],[-95.73933,43.50013],[-96.4536,43.50013],[-96.4536,44.54389],[-96.45001,44.63065],[-96.4536,44.89009],[-96.4536,45.30158],[-96.48949,45.35741],[-96.6187,45.4081],[-96.68331,45.41154],[-96.73356,45.45878],[-96.76586,45.5215],[-96.85919,45.60568],[-96.84124,45.6452],[-96.75151,45.69846],[-96.67254,45.73196],[-96.62947,45.78609],[-96.57922,45.8256],[-96.56486,45.93556],[-96.57922,46.02662],[-96.55769,46.05841],[-96.59717,46.21991],[-96.60076,46.33073],[-96.64742,46.35392],[-96.7192,46.43811],[-96.73715,46.48021],[-96.75151,46.58243],[-96.79099,46.6314],[-96.79817,46.6649],[-96.78022,46.72332],[-96.80176,46.81953],[-96.78381,46.83414],[-96.76227,46.93465],[-96.78381,46.9252],[-96.82329,46.96901],[-96.8197,47.11591],[-96.83765,47.19494],[-96.84483,47.29288],[-96.83406,47.33583],[-96.85919,47.42431],[-96.8556,47.61073],[-96.87354,47.61331],[-96.89867,47.68976],[-96.93815,47.7688],[-96.96686,47.7834],[-97.00635,47.87016],[-97.01711,47.91999],[-97.0566,47.9492],[-97.07454,48.05314],[-97.13197,48.13991],[-97.14274,48.23441],[-97.11762,48.27994],[-97.14633,48.35983],[-97.13556,48.4045],[-97.13915,48.49642],[-97.16428,48.5471],[-97.13915,48.61239],[-97.10685,48.63301],[-97.09608,48.68627],[-97.14992,48.755],[-97.17863,48.86152],[-97.20017,48.88214],[-97.23965,48.96632],[-97.22888,49.00069]]]}},{"type":"Feature","id":"MO","properties":{"abbr":"MO","name":"Missouri","fips":"29"},"geometry":{"type":"Polygon","coordinates":[[[-95.76445,40.58534],[-95.16504,40.57761],[-94.59434,40.57073],[-94.03441,40.57331],[-93.5678,40.58018],[-93.34527,40.58018],[-92.63818,40.59049],[-92.0926,40.60166],[-91.73008,40.61369],[-91.68701,40.58104],[-91.68342,40.55269],[-91.61882,40.54067],[-91.62241,40.50974],[-91.56498,40.46077],[-91.52908,40.45906],[-91.5255,40.41095],[-91.48601,40.38432],[-91.41782,40.3783],[-91.44653,40.36284],[-91.50755,40.23914],[-91.51473,40.17814],[-91.49319,40.0364],[-91.44294,39.95135],[-91.41782,39.9273],[-91.44653,39.8706],[-91.42858,39.83796],[-91.37474,39.80875],[-91.36039,39.78469],[-91.37116,39.73229],[-91.27783,39.66614],[-91.22399,39.61718],[-91.18451,39.60515],[-91.14862,39.54588],[-91.10196,39.539],[-91.06248,39.47371],[-91.00505,39.42733],[-90.79328,39.30963],[-90.72149,39.23232],[-90.71073,39.155],[-90.68201,39.088],[-90.71431,39.05707],[-90.67483,38.98405],[-90.66406,38.92821],[-90.5851,38.86894],[-90.54562,38.87495],[-90.50614,38.90244],[-90.47383,38.95914],[-90.40564,38.96257],[-90.30872,38.92392],[-90.2513,38.91962],[-90.1149,38.84918],[-90.12208,38.79763],[-90.16515,38.77272],[-90.21181,38.72204],[-90.17592,38.643],[-90.1831,38.61122],[-90.26206,38.52875],[-90.2836,38.4437],[-90.34462,38.38529],[-90.36974,38.34062],[-90.37333,38.27361],[-90.35539,38.21347],[-90.29078,38.17052],[-90.21899,38.09407],[-90.12926,38.06228],[-90.08978,38.01589],[-90.06106,38.01589],[-90.00005,37.96435],[-89.94262,37.97036],[-89.93185,37.94717],[-89.97492,37.92655],[-89.95338,37.8836],[-89.8816,37.8793],[-89.84571,37.90593],[-89.79904,37.88188],[-89.79546,37.85696],[-89.74162,37.84666],[-89.65906,37.78652],[-89.66624,37.75216],[-89.61599,37.74958],[-89.58369,37.7135],[-89.51549,37.69288],[-89.51549,37.64392],[-89.47601,37.5855],[-89.52267,37.57863],[-89.51549,37.53568],[-89.42217,37.39737],[-89.43653,37.34411],[-89.49037,37.3338],[-89.51908,37.28569],[-89.45806,37.24016],[-89.46165,37.19978],[-89.41499,37.12505],[-89.37551,37.08553],[-89.3791,37.04],[-89.29295,36.99189],[-89.25706,37.01509],[-89.3109,37.05374],[-89.26065,37.06405],[-89.19963,37.01595],[-89.17092,36.97042],[-89.13144,36.98244],[-89.09913,36.9644],[-89.11708,36.88709],[-89.13861,36.84757],[-89.17451,36.83984],[-89.1781,36.80719],[-89.11708,36.77541],[-89.12785,36.75135],[-89.18528,36.75393],[-89.19963,36.71613],[-89.16015,36.66631],[-89.18886,36.6414],[-89.21399,36.5804],[-89.26065,36.56494],[-89.32526,36.63195],[-89.37192,36.62078],[-89.41858,36.49879],[-89.44729,36.46443],[-89.49395,36.47044],[-89.48678,36.49707],[-89.46524,36.52972],[-89.48319,36.57181],[-89.55856,36.57353],[-89.57292,36.54776],[-89.54062,36.49793],[-89.51908,36.47903],[-89.5442,36.42405],[-89.50831,36.37337],[-89.52626,36.34158],[-89.6124,36.34072],[-89.6124,36.30894],[-89.53703,36.27544],[-89.53344,36.25224],[-89.58728,36.23936],[-89.69496,36.2531],[-89.70572,36.23506],[-89.60522,36.17149],[-89.60163,36.11909],[-89.6806,36.08472],[-89.69137,36.02029],[-89.73444,36.00054],[-90.37692,35.99538],[-90.31949,36.08988],[-90.23694,36.1397],[-90.23694,36.15946],[-90.1831,36.20499],[-90.12567,36.22905],[-90.1149,36.26599],[-90.0826,36.272],[-90.06465,36.38625],[-90.14362,36.42405],[-90.13285,36.43694],[-90.1508,36.49793],[-91.40346,36.49707],[-92.5628,36.49793],[-93.06889,36.49793],[-93.86571,36.49879],[-94.61947,36.49965],[-94.61947,36.99876],[-94.61947,37.24016],[-94.61588,37.32349],[-94.61588,37.9927],[-94.61229,38.03737],[-94.61229,38.63527],[-94.6087,38.73836],[-94.6087,39.11978],[-94.59075,39.155],[-94.66254,39.15758],[-94.68048,39.18421],[-94.71279,39.17047],[-94.76304,39.17992],[-94.78098,39.20655],[-94.83482,39.21772],[-94.82406,39.24177],[-94.88866,39.28644],[-94.9102,39.35431],[-94.8779,39.37578],[-94.89584,39.39382],[-94.94609,39.39382],[-94.98916,39.44623],[-95.04659,39.47286],[-95.05018,39.49777],[-95.10402,39.53299],[-95.10761,39.57422],[-95.04659,39.59484],[-95.05377,39.63006],[-95.02865,39.66529],[-94.97481,39.68161],[-94.95686,39.74604],[-94.9102,39.72542],[-94.87431,39.73057],[-94.87072,39.77267],[-94.91379,39.75892],[-94.92456,39.78985],[-94.89225,39.79071],[-94.8779,39.82679],[-94.91738,39.83624],[-94.9425,39.86459],[-94.92815,39.88864],[-95.01429,39.89981],[-95.043,39.86459],[-95.13632,39.87661],[-95.15427,39.90754],[-95.20093,39.90239],[-95.20452,39.93933],[-95.25118,39.94877],[-95.30861,40.00032],[-95.41988,40.04843],[-95.39116,40.11629],[-95.47731,40.18158],[-95.48449,40.24773],[-95.55627,40.26405],[-95.55268,40.29154],[-95.61729,40.31388],[-95.66036,40.40837],[-95.65677,40.44188],[-95.69625,40.47108],[-95.69984,40.50545],[-95.65318,40.54153],[-95.69267,40.55699],[-95.69625,40.52864],[-95.76804,40.53122],[-95.76445,40.58534]]]}},{"type":"Feature","id":"MS","properties":{"abbr":"MS","name":"Mississippi","fips":"28"},"geometry":{"type":"MultiPolygon","coordinates":[[[[-88.51049,30.21735],[-88.40281,30.20618],[-88.45306,30.189],[-88.49613,30.19673],[-88.51049,30.21735]]],[[[-88.77251,30.2457],[-88.71508,30.25686],[-88.6074,30.23195],[-88.58586,30.21906],[-88.67201,30.22336],[-88.77251,30.2457]]],[[[-88.98786,30.21649],[-88.93402,30.2225],[-88.88019,30.24913],[-88.89454,30.22422],[-88.96992,30.20102],[-88.98786,30.21649]]],[[[-89.16015,30.23882],[-89.08478,30.23796],[-89.05606,30.24913],[-89.07401,30.21219],[-89.1099,30.20618],[-89.17092,30.22851],[-89.16015,30.23882]]],[[[-91.16657,33.00414],[-91.1199,33.05482],[-91.20246,33.10808],[-91.18451,33.14159],[-91.14503,33.12956],[-91.09478,33.13643],[-91.08401,33.15619],[-91.09119,33.22062],[-91.04453,33.26529],[-91.05171,33.28505],[-91.0876,33.27388],[-91.09837,33.2378],[-91.14144,33.29622],[-91.14144,33.3512],[-91.05889,33.42851],[-91.07683,33.456],[-91.11273,33.39329],[-91.17374,33.38126],[-91.20964,33.40188],[-91.19887,33.4182],[-91.13785,33.42679],[-91.12349,33.47318],[-91.17374,33.49638],[-91.17015,33.45257],[-91.23476,33.43882],[-91.18451,33.50755],[-91.23117,33.56167],[-91.13067,33.59689],[-91.13785,33.62524],[-91.22758,33.66905],[-91.22041,33.6931],[-91.15939,33.70685],[-91.13426,33.67678],[-91.07683,33.65788],[-91.03376,33.67334],[-91.06248,33.7163],[-91.10914,33.70427],[-91.14503,33.72661],[-91.14144,33.77729],[-91.0553,33.77901],[-91.02658,33.76355],[-90.99069,33.79275],[-91.04812,33.81509],[-91.07324,33.86234],[-91.00864,33.92934],[-91.0876,33.95855],[-91.07683,33.98346],[-91.0194,34.00322],[-91.00146,33.96628],[-90.96198,33.98003],[-90.9871,34.01869],[-90.90096,34.02384],[-90.87224,34.07624],[-90.88301,34.09686],[-90.92249,34.09428],[-90.9548,34.1381],[-90.91173,34.16559],[-90.8543,34.13724],[-90.80764,34.16129],[-90.81481,34.18277],[-90.8866,34.18191],[-90.93685,34.21885],[-90.90455,34.24376],[-90.84712,34.20682],[-90.83276,34.26781],[-90.76456,34.2807],[-90.73944,34.30647],[-90.76815,34.34513],[-90.75021,34.36832],[-90.68201,34.36918],[-90.69278,34.32279],[-90.65689,34.32193],[-90.65689,34.37605],[-90.56715,34.42502],[-90.58869,34.49632],[-90.54203,34.54014],[-90.54562,34.56333],[-90.58869,34.61573],[-90.58869,34.67071],[-90.5528,34.68875],[-90.55639,34.64666],[-90.5169,34.6312],[-90.46665,34.67415],[-90.47383,34.70078],[-90.54562,34.7025],[-90.56715,34.73686],[-90.54203,34.74889],[-90.54921,34.77895],[-90.51331,34.80215],[-90.52049,34.75318],[-90.50255,34.72397],[-90.4523,34.7403],[-90.47383,34.80215],[-90.45589,34.82362],[-90.4846,34.86142],[-90.47742,34.88634],[-90.43794,34.88462],[-90.42358,34.83393],[-90.31231,34.87173],[-90.24771,34.90953],[-90.24771,34.94819],[-90.30872,34.99544],[-89.48678,34.99372],[-88.92685,34.99458],[-88.20181,34.99544],[-88.15515,34.92242],[-88.09772,34.89235],[-88.14079,34.58137],[-88.20899,34.02899],[-88.23052,33.89155],[-88.34897,32.9294],[-88.36692,32.74728],[-88.44229,32.13735],[-88.4746,31.89423],[-88.4387,31.23018],[-88.41717,30.8668],[-88.4064,30.56011],[-88.39563,30.3694],[-88.40999,30.34191],[-88.43511,30.3548],[-88.47101,30.32043],[-88.53561,30.34363],[-88.58227,30.33074],[-88.60022,30.35651],[-88.66483,30.36253],[-88.72944,30.34277],[-88.81199,30.38486],[-88.81917,30.36081],[-88.89454,30.39345],[-88.97351,30.39088],[-89.08478,30.36768],[-89.18528,30.3316],[-89.29295,30.30325],[-89.2786,30.34964],[-89.31449,30.37541],[-89.36474,30.35222],[-89.33244,30.33762],[-89.32885,30.30325],[-89.41858,30.25429],[-89.44729,30.18556],[-89.4796,30.19415],[-89.52626,30.18041],[-89.56933,30.18041],[-89.61599,30.22336],[-89.63035,30.28006],[-89.63035,30.33933],[-89.68419,30.40548],[-89.68419,30.45187],[-89.72008,30.48881],[-89.75956,30.50513],[-89.77392,30.53864],[-89.80981,30.56784],[-89.82417,30.64945],[-89.85288,30.66148],[-89.81699,30.73708],[-89.83135,30.768],[-89.80622,30.78948],[-89.77392,30.89686],[-89.74879,30.91319],[-89.75238,30.95184],[-89.72726,30.97074],[-89.75238,31.00167],[-90.34462,30.99995],[-90.82558,30.99909],[-91.63676,30.99909],[-91.5901,31.01713],[-91.56498,31.06696],[-91.62241,31.10991],[-91.626,31.13396],[-91.5901,31.17348],[-91.60087,31.2087],[-91.64394,31.23447],[-91.64035,31.26712],[-91.57575,31.2611],[-91.51473,31.27829],[-91.50755,31.31523],[-91.55062,31.34701],[-91.55421,31.38567],[-91.57933,31.39941],[-91.54703,31.43292],[-91.53267,31.38996],[-91.50396,31.36505],[-91.47166,31.37106],[-91.47166,31.39598],[-91.51832,31.46041],[-91.52191,31.52398],[-91.45012,31.53944],[-91.40705,31.56951],[-91.42141,31.597],[-91.48601,31.58583],[-91.51832,31.6116],[-91.50037,31.64424],[-91.46448,31.62019],[-91.39987,31.62019],[-91.39628,31.71125],[-91.3568,31.74132],[-91.27424,31.74561],[-91.25989,31.76108],[-91.36398,31.77053],[-91.33885,31.85128],[-91.29578,31.86073],[-91.2886,31.82379],[-91.26348,31.80918],[-91.24553,31.83324],[-91.26707,31.85128],[-91.18092,31.91828],[-91.1881,31.96124],[-91.16298,31.98271],[-91.09478,31.99474],[-91.09478,32.03769],[-91.16298,32.06003],[-91.14503,32.08151],[-91.09837,32.048],[-91.08042,32.07893],[-91.03735,32.09783],[-91.00505,32.1571],[-91.05889,32.17772],[-91.05171,32.12446],[-91.16657,32.13391],[-91.15939,32.20177],[-91.06248,32.21896],[-91.03735,32.24215],[-90.9871,32.21552],[-90.96915,32.2516],[-90.97633,32.29713],[-90.93326,32.29026],[-90.87583,32.35812],[-90.89019,32.37359],[-90.91173,32.33922],[-90.99428,32.35383],[-90.99428,32.40365],[-90.96557,32.42083],[-90.99428,32.4509],[-91.03017,32.43372],[-91.11273,32.47581],[-91.10196,32.52564],[-91.08401,32.5265],[-91.02299,32.48526],[-90.9871,32.49128],[-91.00505,32.51361],[-91.08042,32.55657],[-91.03017,32.5832],[-91.00146,32.61498],[-91.02658,32.64677],[-91.04812,32.60725],[-91.1199,32.58492],[-91.14144,32.59694],[-91.15221,32.64161],[-91.1199,32.67426],[-91.06248,32.70261],[-91.0553,32.7258],[-91.16657,32.75157],[-91.16298,32.81257],[-91.14503,32.84435],[-91.06965,32.88902],[-91.06248,32.92253],[-91.09478,32.98438],[-91.13426,32.98094],[-91.13067,32.92338],[-91.18092,32.90105],[-91.21323,32.91995],[-91.20246,32.96118],[-91.16657,33.00414]]]]}},{"type":"Feature","id":"MT","properties":{"abbr":"MT","name":"Montana","fips":"30"},"geometry":{"type":"Polygon","coordinates":[[[-116.04755,49.00069],[-115.20766,48.99897],[-114.37494,49.00155],[-113.69297,48.99725],[-113.01101,48.99897],[-111.76193,48.99725],[-111.00459,48.99725],[-110.17188,48.99897],[-108.99459,48.99897],[-108.4885,48.99897],[-107.44042,48.99897],[-106.62565,48.99983],[-106.11239,48.99897],[-105.05713,48.99897],[-104.64795,48.99897],[-104.04854,48.99983],[-104.04854,48.38904],[-104.04495,48.37443],[-104.04495,45.94501],[-104.04136,45.75001],[-104.04136,45.0009],[-104.05931,44.99747],[-104.47208,44.99833],[-105.37299,45.00005],[-105.84678,45.00005],[-105.92933,44.99403],[-106.56823,44.99489],[-107.08508,44.99661],[-107.13533,45.00005],[-108.26955,45.00005],[-109.06279,45.00005],[-109.10227,45.00606],[-109.79859,45.00176],[-110.11086,45.00348],[-110.20059,44.99661],[-110.36211,45.0009],[-110.40159,44.99403],[-110.70668,44.99231],[-110.78565,45.00262],[-111.05484,45.0009],[-111.05843,44.86689],[-111.05484,44.62464],[-111.04767,44.4743],[-111.12304,44.49406],[-111.14458,44.53615],[-111.23072,44.58684],[-111.22354,44.62378],[-111.32404,44.72429],[-111.38506,44.75521],[-111.41377,44.71054],[-111.48556,44.70797],[-111.46761,44.67962],[-111.52504,44.59543],[-111.4712,44.54045],[-111.58606,44.56278],[-111.61836,44.54904],[-111.70451,44.56021],[-111.71527,44.54389],[-111.82295,44.50952],[-111.86961,44.56364],[-111.94858,44.55677],[-111.99524,44.53529],[-112.03113,44.54646],[-112.10651,44.52069],[-112.13522,44.53959],[-112.18547,44.53272],[-112.22854,44.56278],[-112.28597,44.5688],[-112.31828,44.53873],[-112.35058,44.53873],[-112.35776,44.48633],[-112.38647,44.44767],[-112.47261,44.48031],[-112.50133,44.46313],[-112.54081,44.48375],[-112.65926,44.48547],[-112.72028,44.50437],[-112.78129,44.48461],[-112.83513,44.42276],[-112.8136,44.37723],[-112.8459,44.35833],[-112.88538,44.39613],[-112.94999,44.41674],[-113.00383,44.45111],[-113.02537,44.49664],[-113.00742,44.52584],[-113.08279,44.59543],[-113.05049,44.63666],[-113.06844,44.67962],[-113.13304,44.77325],[-113.2479,44.82308],[-113.34122,44.78528],[-113.35558,44.81964],[-113.45608,44.86517],[-113.49556,44.9485],[-113.44531,44.95967],[-113.43813,45.00692],[-113.45249,45.05932],[-113.52069,45.09282],[-113.51351,45.11516],[-113.57453,45.12805],[-113.59965,45.19076],[-113.6858,45.25347],[-113.68939,45.28354],[-113.73964,45.32992],[-113.73246,45.39006],[-113.76117,45.40638],[-113.78271,45.45535],[-113.76117,45.48112],[-113.76476,45.52064],[-113.83296,45.52064],[-113.80783,45.60225],[-113.86167,45.62372],[-113.90474,45.62201],[-113.89756,45.64434],[-113.93346,45.68214],[-113.9873,45.70447],[-114.0196,45.69331],[-114.01242,45.65809],[-114.06626,45.62802],[-114.13446,45.55758],[-114.20265,45.53524],[-114.24932,45.54555],[-114.26008,45.49572],[-114.34623,45.45964],[-114.36417,45.49057],[-114.41442,45.50947],[-114.46108,45.56101],[-114.55082,45.56101],[-114.53646,45.60654],[-114.56517,45.63747],[-114.50057,45.66925],[-114.49698,45.71049],[-114.56517,45.77406],[-114.50057,45.85052],[-114.41083,45.85137],[-114.38571,45.88917],[-114.43237,45.93556],[-114.41083,45.97766],[-114.47903,46.00085],[-114.49339,46.04724],[-114.46108,46.09707],[-114.5221,46.12541],[-114.51492,46.16751],[-114.44673,46.17352],[-114.45032,46.24139],[-114.47185,46.26716],[-114.42519,46.28778],[-114.4216,46.38743],[-114.37494,46.44327],[-114.40007,46.50254],[-114.35699,46.50512],[-114.3211,46.61078],[-114.33187,46.66061],[-114.36058,46.6692],[-114.45391,46.64944],[-114.46826,46.6314],[-114.54723,46.64429],[-114.61542,46.63999],[-114.64414,46.67349],[-114.6226,46.707],[-114.64773,46.73277],[-114.69798,46.7405],[-114.71233,46.71473],[-114.76617,46.69669],[-114.78771,46.71129],[-114.76617,46.75854],[-114.88821,46.80837],[-114.94564,46.85905],[-114.93128,46.92004],[-115.00307,46.97159],[-115.04973,46.97073],[-115.07126,47.02227],[-115.13946,47.09272],[-115.20048,47.1391],[-115.24355,47.15027],[-115.2615,47.18206],[-115.30098,47.18807],[-115.2938,47.22072],[-115.3261,47.25594],[-115.41225,47.26453],[-115.5271,47.30318],[-115.55223,47.34957],[-115.72093,47.42431],[-115.76041,47.42259],[-115.71734,47.45352],[-115.63837,47.46039],[-115.6276,47.47929],[-115.68503,47.48531],[-115.70298,47.53427],[-115.74246,47.53857],[-115.73528,47.56778],[-115.68862,47.59527],[-115.73169,47.64251],[-115.72452,47.69663],[-115.77118,47.71725],[-115.7963,47.75763],[-115.82502,47.75247],[-115.85373,47.82807],[-115.90757,47.84611],[-116.04755,47.97669],[-116.05114,48.21637],[-116.04755,48.31],[-116.04755,49.00069]]]}},{"type":"Feature","id":"NC","properties":{"abbr":"NC","name":"North Carolina","fips":"37"},"geometry":{"type":"MultiPolygon","coordinates":[[[[-75.72542,35.93611],[-75.66082,35.91979],[-75.61774,35.85621],[-75.61415,35.81584],[-75.66799,35.82357],[-75.66082,35.86223],[-75.72542,35.93611]]],[[[-76.01257,35.06846],[-75.98385,35.12],[-75.95514,35.12],[-75.78644,35.19388],[-75.7326,35.20419],[-75.68235,35.23254],[-75.63928,35.23426],[-75.58185,35.26432],[-75.53519,35.27291],[-75.51724,35.33648],[-75.47776,35.55297],[-75.47776,35.59936],[-75.50648,35.68097],[-75.52801,35.77117],[-75.51724,35.76945],[-75.47776,35.67839],[-75.45982,35.59678],[-75.47058,35.47995],[-75.52442,35.23426],[-75.61057,35.22738],[-75.79003,35.1724],[-75.94437,35.1054],[-76.01257,35.06846]]],[[[-81.67647,36.58813],[-81.37497,36.57439],[-81.17756,36.57181],[-80.83658,36.55893],[-80.70377,36.56236],[-80.29459,36.54432],[-80.12231,36.5426],[-79.51213,36.54089],[-78.51072,36.54089],[-78.24511,36.54432],[-77.29753,36.54432],[-76.91707,36.54346],[-76.91707,36.55205],[-76.8058,36.55033],[-76.37509,36.55033],[-75.86541,36.55033],[-75.85823,36.50051],[-75.79721,36.29004],[-75.73978,36.15431],[-75.65723,36.02029],[-75.5316,35.78749],[-75.5639,35.79952],[-75.62851,35.92494],[-75.67876,35.99366],[-75.72542,36.00311],[-75.75773,36.15259],[-75.81516,36.28574],[-75.84387,36.3055],[-75.8331,36.33901],[-75.85105,36.41546],[-75.88694,36.44123],[-75.9013,36.48247],[-75.99103,36.49364],[-75.99462,36.528],[-76.04128,36.51082],[-76.01974,36.45842],[-75.96232,36.41718],[-75.92283,36.42577],[-75.92283,36.36821],[-75.86899,36.25224],[-75.83669,36.19984],[-75.84028,36.1775],[-75.8008,36.11307],[-75.8008,36.0727],[-75.86899,36.12768],[-75.86541,36.15946],[-75.91207,36.21187],[-75.92283,36.24451],[-75.96591,36.25482],[-75.94437,36.22217],[-75.95514,36.19812],[-75.90489,36.16462],[-76.01616,36.18609],[-76.13101,36.28746],[-76.18485,36.29777],[-76.11666,36.21444],[-76.08076,36.19984],[-76.05923,36.15517],[-76.09153,36.13541],[-76.17767,36.12338],[-76.25305,36.18438],[-76.22792,36.13025],[-76.19203,36.10706],[-76.21716,36.09503],[-76.32842,36.13369],[-76.37509,36.13799],[-76.39303,36.1629],[-76.45764,36.18352],[-76.37509,36.1208],[-76.29971,36.10105],[-76.32483,36.08472],[-76.41098,36.07785],[-76.45764,36.02459],[-76.51507,36.00569],[-76.57609,36.00655],[-76.6048,36.03318],[-76.67659,36.04349],[-76.71966,36.14744],[-76.71966,36.19984],[-76.67659,36.26685],[-76.69453,36.27801],[-76.74478,36.21272],[-76.75196,36.14744],[-76.72325,36.06668],[-76.68376,36.00054],[-76.70171,35.96446],[-76.673,35.93525],[-76.52942,35.94384],[-76.39662,35.98421],[-76.36432,35.94212],[-76.31766,35.94727],[-76.271,35.97305],[-76.17767,35.99366],[-76.06282,35.99281],[-76.01257,35.95758],[-76.01257,35.92064],[-76.06282,35.85364],[-76.05205,35.80639],[-76.04487,35.6655],[-76.01257,35.6698],[-75.98744,35.76859],[-75.97667,35.89745],[-75.92642,35.93181],[-75.94796,35.96016],[-75.89771,35.97734],[-75.80798,35.9593],[-75.75055,35.87855],[-75.72542,35.82271],[-75.73978,35.77804],[-75.71466,35.69385],[-75.74337,35.67238],[-75.72901,35.62599],[-75.77567,35.5796],[-75.83669,35.57101],[-75.85823,35.58647],[-75.89412,35.57272],[-75.91566,35.53836],[-75.95155,35.53063],[-75.96232,35.49369],[-75.98744,35.48424],[-76.01257,35.42325],[-76.05923,35.41036],[-76.07,35.37085],[-76.13101,35.34937],[-76.14178,35.32875],[-76.2351,35.35023],[-76.33919,35.34679],[-76.43251,35.36226],[-76.45046,35.38373],[-76.48635,35.3717],[-76.54019,35.41036],[-76.58685,35.50915],[-76.47559,35.51173],[-76.45764,35.55039],[-76.55814,35.52891],[-76.60121,35.53836],[-76.63351,35.51001],[-76.60121,35.46105],[-76.57967,35.38717],[-76.6048,35.38717],[-76.70889,35.42754],[-76.75914,35.41895],[-76.83093,35.44816],[-76.94219,35.47393],[-77.02475,35.51517],[-77.02834,35.49026],[-76.96732,35.43785],[-76.89194,35.43356],[-76.66582,35.34593],[-76.50071,35.32188],[-76.472,35.29525],[-76.46841,35.26089],[-76.49353,35.21278],[-76.54019,35.16639],[-76.5366,35.14234],[-76.56891,35.09681],[-76.62275,35.06073],[-76.80221,34.96451],[-76.98168,35.06073],[-76.97809,35.00489],[-76.89194,34.95764],[-76.76273,34.9207],[-76.63351,34.98942],[-76.58685,34.99114],[-76.48994,35.01691],[-76.47559,35.07017],[-76.4361,35.05815],[-76.42534,35.00145],[-76.39662,34.97482],[-76.33201,34.97052],[-76.36432,35.03495],[-76.29253,35.01004],[-76.28535,34.93702],[-76.34637,34.87259],[-76.41098,34.86142],[-76.41098,34.83222],[-76.45046,34.81503],[-76.50071,34.74287],[-76.52584,34.68188],[-76.58685,34.69906],[-76.58326,34.76779],[-76.61916,34.78411],[-76.61557,34.71367],[-76.673,34.70765],[-76.52225,34.65267],[-76.43969,34.75834],[-76.32125,34.86142],[-76.2351,34.92585],[-76.06641,35.07705],[-76.03769,35.05901],[-76.13819,34.98771],[-76.23151,34.90524],[-76.31048,34.85197],[-76.38585,34.78497],[-76.45046,34.71452],[-76.52584,34.61573],[-76.5366,34.58824],[-76.55096,34.6458],[-76.67659,34.69305],[-76.81657,34.69391],[-77.03193,34.66126],[-77.13602,34.63291],[-77.2078,34.60542],[-77.32266,34.53584],[-77.46264,34.47141],[-77.55596,34.41729],[-77.68877,34.32022],[-77.73902,34.27297],[-77.82875,34.16301],[-77.879,34.06765],[-77.91489,33.97144],[-77.9472,33.91216],[-77.96155,33.85289],[-78.00821,33.8589],[-78.01898,33.88811],[-78.09436,33.90615],[-78.17691,33.91388],[-78.27741,33.91216],[-78.38509,33.90185],[-78.51072,33.86577],[-78.53943,33.85117],[-78.87323,34.13466],[-79.24652,34.44564],[-79.35779,34.54529],[-79.67365,34.80473],[-79.89259,34.80558],[-80.1582,34.8116],[-80.7971,34.82019],[-80.78274,34.93616],[-80.93349,35.10711],[-81.04117,35.0444],[-81.05911,35.06244],[-81.03399,35.10368],[-81.04117,35.14921],[-81.23858,35.16038],[-81.61545,35.17412],[-82.29024,35.19903],[-82.3728,35.18185],[-82.39074,35.21536],[-82.43381,35.17068],[-82.45894,35.17842],[-82.53072,35.15522],[-82.55226,35.15952],[-82.65635,35.11914],[-82.75685,35.0676],[-82.78197,35.08564],[-83.1086,35.00059],[-83.62187,34.992],[-83.61828,34.98685],[-84.32178,34.98856],[-84.28948,35.22481],[-84.21051,35.26604],[-84.19975,35.24371],[-84.09925,35.24714],[-84.02028,35.30126],[-84.03823,35.35023],[-84.00592,35.3717],[-84.02028,35.4095],[-83.95926,35.46277],[-83.9126,35.47565],[-83.88389,35.51689],[-83.82646,35.52376],[-83.77262,35.56242],[-83.48548,35.56843],[-83.44599,35.61138],[-83.36703,35.63887],[-83.34908,35.66121],[-83.31319,35.65519],[-83.25576,35.69643],[-83.2414,35.7265],[-83.18398,35.72993],[-83.15526,35.7643],[-83.07989,35.78921],[-82.99374,35.77374],[-82.90042,35.87254],[-82.91119,35.92666],[-82.8753,35.95243],[-82.82146,35.9215],[-82.74967,36.00569],[-82.63122,36.06583],[-82.59533,36.03146],[-82.61328,35.97133],[-82.55944,35.95415],[-82.45894,36.00741],[-82.4051,36.0873],[-82.35126,36.11737],[-82.29024,36.13541],[-82.24717,36.13111],[-82.21487,36.15946],[-82.14667,36.14915],[-82.13231,36.1062],[-82.07847,36.1062],[-82.02822,36.13025],[-81.90978,36.30207],[-81.8344,36.3476],[-81.79492,36.35791],[-81.7662,36.33815],[-81.70519,36.33815],[-81.74108,36.40172],[-81.71595,36.45756],[-81.69442,36.46787],[-81.70878,36.53659],[-81.67647,36.58813]]]]}},{"type":"Feature","id":"ND","properties":{"abbr":"ND","name":"North Dakota","fips":"38"},"geometry":{"type":"Polygon","coordinates":[[[-104.04854,48.99983],[-103.37375,48.99897],[-102.218,48.99897],[-101.45707,48.99897],[-101.12686,48.99897],[-100.43412,48.99983],[-99.85984,48.99897],[-99.37528,48.99897],[-98.86919,48.99983],[-97.95033,49.00069],[-97.22888,49.00069],[-97.23965,48.96632],[-97.20017,48.88214],[-97.17863,48.86152],[-97.14992,48.755],[-97.09608,48.68627],[-97.10685,48.63301],[-97.13915,48.61239],[-97.16428,48.5471],[-97.13915,48.49642],[-97.13556,48.4045],[-97.14633,48.35983],[-97.11762,48.27994],[-97.14274,48.23441],[-97.13197,48.13991],[-97.07454,48.05314],[-97.0566,47.9492],[-97.01711,47.91999],[-97.00635,47.87016],[-96.96686,47.7834],[-96.93815,47.7688],[-96.89867,47.68976],[-96.87354,47.61331],[-96.8556,47.61073],[-96.85919,47.42431],[-96.83406,47.33583],[-96.84483,47.29288],[-96.83765,47.19494],[-96.8197,47.11591],[-96.82329,46.96901],[-96.78381,46.9252],[-96.76227,46.93465],[-96.78381,46.83414],[-96.80176,46.81953],[-96.78022,46.72332],[-96.79817,46.6649],[-96.79099,46.6314],[-96.75151,46.58243],[-96.73715,46.48021],[-96.7192,46.43811],[-96.64742,46.35392],[-96.60076,46.33073],[-96.59717,46.21991],[-96.55769,46.05841],[-96.57922,46.02662],[-96.56486,45.93556],[-97.31862,45.9347],[-97.98622,45.93556],[-98.41335,45.93642],[-99.31785,45.93986],[-100.007,45.94158],[-100.64948,45.94329],[-101.55757,45.94415],[-101.99905,45.94415],[-103.04713,45.94501],[-103.66808,45.94501],[-104.04495,45.94501],[-104.04495,48.37443],[-104.04854,48.38904],[-104.04854,48.99983]]]}},{"type":"Feature","id":"NE","properties":{"abbr":"NE","name":"Nebraska","fips":"31"},"geometry":{"type":"Polygon","coordinates":[[[-104.05213,43.00101],[-103.00047,43.00015],[-102.4872,42.9993],[-101.8483,42.9993],[-101.62577,42.99586],[-100.88637,42.99758],[-100.11826,42.99844],[-99.5691,42.99758],[-98.90149,42.99844],[-98.49949,42.99844],[-98.46719,42.94775],[-98.25901,42.87473],[-98.1298,42.82147],[-98.01853,42.7622],[-97.95033,42.76993],[-97.90726,42.79484],[-97.87496,42.85841],[-97.84624,42.86786],[-97.77446,42.84982],[-97.68472,42.84209],[-97.62012,42.85669],[-97.56269,42.84724],[-97.50526,42.85841],[-97.44065,42.84638],[-97.41553,42.86614],[-97.36169,42.85497],[-97.30785,42.867],[-97.21812,42.84552],[-97.21453,42.81288],[-97.14992,42.7957],[-97.13197,42.77165],[-96.97763,42.76048],[-96.94892,42.71924],[-96.90585,42.73385],[-96.80535,42.70378],[-96.80176,42.66942],[-96.72638,42.66684],[-96.6869,42.65309],[-96.71202,42.60842],[-96.63665,42.55173],[-96.61152,42.5062],[-96.52538,42.51049],[-96.50744,42.48472],[-96.44642,42.49073],[-96.39617,42.48386],[-96.38181,42.44606],[-96.41411,42.40826],[-96.41411,42.34297],[-96.37463,42.31806],[-96.32438,42.22958],[-96.36027,42.2081],[-96.34951,42.16687],[-96.27054,42.11876],[-96.27413,42.04746],[-96.22029,42.02598],[-96.23824,42.01224],[-96.1844,42.00279],[-96.18799,41.97701],[-96.13056,41.97186],[-96.14133,41.91516],[-96.16286,41.90571],[-96.11261,41.85331],[-96.10902,41.82067],[-96.06595,41.80091],[-96.07672,41.76139],[-96.10543,41.74421],[-96.0839,41.69782],[-96.12338,41.68236],[-96.09467,41.64714],[-96.11979,41.61363],[-96.08031,41.58013],[-96.09108,41.53202],[-96.03724,41.50797],[-96.03006,41.53975],[-95.99776,41.53889],[-96.00493,41.47275],[-95.93315,41.46416],[-95.92956,41.36451],[-95.95468,41.33959],[-95.8829,41.3164],[-95.92956,41.28118],[-95.91161,41.22706],[-95.92597,41.19527],[-95.83983,41.17465],[-95.8829,41.16005],[-95.86495,41.08016],[-95.8829,41.05696],[-95.85777,41.03119],[-95.86136,40.99511],[-95.82906,40.97793],[-95.83624,40.92123],[-95.81111,40.89804],[-95.84701,40.85422],[-95.83265,40.78292],[-95.87931,40.75285],[-95.88649,40.72107],[-95.83265,40.67124],[-95.78599,40.6575],[-95.75009,40.60939],[-95.76445,40.58534],[-95.76804,40.53122],[-95.69625,40.52864],[-95.69267,40.55699],[-95.65318,40.54153],[-95.69984,40.50545],[-95.69625,40.47108],[-95.65677,40.44188],[-95.66036,40.40837],[-95.61729,40.31388],[-95.55268,40.29154],[-95.55627,40.26405],[-95.48449,40.24773],[-95.47731,40.18158],[-95.39116,40.11629],[-95.41988,40.04843],[-95.30861,40.00032],[-95.78599,40.00032],[-96.30285,40.00032],[-97.24683,40.00118],[-98.24824,40.00204],[-98.8333,40.00204],[-99.81317,40.00118],[-100.75716,40.00204],[-101.13045,40.00204],[-102.05289,40.0029],[-102.05289,41.00198],[-102.5554,41.00198],[-103.03995,41.00198],[-104.05213,41.00112],[-104.05213,43.00101]]]}},{"type":"Feature","id":"NH","properties":{"abbr":"NH","name":"New Hampshire","fips":"33"},"geometry":{"type":"Polygon","coordinates":[[[-71.50082,45.01379],[-71.49006,45.07221],[-71.42545,45.12719],[-71.43622,45.14007],[-71.39673,45.20364],[-71.4434,45.23457],[-71.37879,45.24402],[-71.36443,45.26635],[-71.28547,45.30243],[-71.23163,45.25003],[-71.13113,45.24574],[-71.08447,45.30587],[-71.03063,44.65556],[-70.99114,43.91591],[-70.99114,43.83946],[-70.9732,43.57057],[-70.95166,43.55081],[-70.9732,43.47521],[-70.95884,43.46662],[-70.98755,43.37986],[-70.95525,43.33433],[-70.80809,43.22437],[-70.82963,43.18829],[-70.82963,43.12901],[-70.704,43.05943],[-70.81168,42.90995],[-70.81886,42.87216],[-70.84757,42.86099],[-70.90141,42.88676],[-71.03063,42.85927],[-71.06293,42.80601],[-71.13113,42.82147],[-71.18497,42.79054],[-71.18138,42.73728],[-71.25675,42.73642],[-71.29264,42.69691],[-71.7449,42.70722],[-72.45917,42.72697],[-72.49147,42.7725],[-72.513,42.76391],[-72.55608,42.85154],[-72.52377,42.91425],[-72.52018,42.96322],[-72.47352,42.97181],[-72.44481,43.01046],[-72.46634,43.05513],[-72.43404,43.08348],[-72.45199,43.13932],[-72.43763,43.25787],[-72.39456,43.31285],[-72.41609,43.3644],[-72.3802,43.48037],[-72.39815,43.51044],[-72.3802,43.57401],[-72.32636,43.60236],[-72.30483,43.69599],[-72.27252,43.73379],[-72.20433,43.77073],[-72.18279,43.80853],[-72.18638,43.86351],[-72.11818,43.92107],[-72.11818,43.99409],[-72.07511,44.03189],[-72.03204,44.09116],[-72.03204,44.13154],[-72.06793,44.18995],[-72.0464,44.23892],[-72.06793,44.26813],[-72.03204,44.32053],[-71.90641,44.34802],[-71.87052,44.33685],[-71.81309,44.35489],[-71.79515,44.39956],[-71.709,44.41159],[-71.65875,44.44509],[-71.63363,44.48375],[-71.5762,44.50265],[-71.59773,44.55333],[-71.55825,44.5645],[-71.55107,44.62721],[-71.58697,44.65986],[-71.62645,44.74748],[-71.57261,44.79215],[-71.55825,44.84713],[-71.49365,44.91156],[-71.54031,44.98802],[-71.50082,45.01379]]]}},{"type":"Feature","id":"NJ","properties":{"abbr":"NJ","name":"New Jersey","fips":"34"},"geometry":{"type":"Polygon","coordinates":[[[-75.56032,39.63006],[-75.51007,39.6859],[-75.47776,39.71339],[-75.45982,39.7658],[-75.41674,39.80188],[-75.35573,39.83967],[-75.21933,39.86115],[-75.1296,39.89981],[-75.1296,39.95908],[-75.07217,39.98056],[-75.04705,40.00891],[-74.92501,40.07076],[-74.8604,40.08365],[-74.81733,40.12746],[-74.78144,40.12059],[-74.72042,40.15409],[-74.77067,40.21508],[-74.84246,40.2503],[-74.86758,40.29498],[-74.94296,40.34137],[-74.96808,40.39978],[-75.05781,40.4161],[-75.07217,40.45476],[-75.06499,40.53637],[-75.10089,40.56816],[-75.1619,40.56386],[-75.19421,40.57589],[-75.20139,40.64719],[-75.17626,40.67296],[-75.20498,40.69186],[-75.17267,40.77777],[-75.13319,40.77347],[-75.05064,40.87055],[-75.13678,40.97363],[-75.09012,41.01487],[-75.02551,41.03978],[-74.96808,41.08789],[-74.98244,41.10851],[-74.92142,41.13857],[-74.88194,41.18067],[-74.83169,41.28719],[-74.75272,41.34647],[-74.6953,41.35763],[-74.37944,41.20902],[-73.90565,40.99769],[-73.89488,40.98136],[-73.96667,40.82072],[-74.00974,40.76488],[-74.0241,40.70904],[-74.04563,40.69014],[-74.07076,40.66094],[-74.20356,40.63087],[-74.21792,40.55871],[-74.25022,40.54496],[-74.26099,40.50201],[-74.26099,40.46507],[-74.19279,40.44102],[-74.13537,40.45648],[-74.04922,40.41868],[-73.99897,40.41095],[-73.98462,40.44875],[-73.97026,40.37143],[-73.98103,40.27951],[-74.03128,40.12316],[-74.07794,39.91098],[-74.09588,39.76236],[-74.23946,39.55533],[-74.27894,39.51409],[-74.31124,39.50636],[-74.30047,39.47887],[-74.33637,39.43162],[-74.40815,39.3775],[-74.41174,39.36118],[-74.52301,39.31393],[-74.63787,39.22115],[-74.71324,39.11978],[-74.79221,38.99178],[-74.86399,38.94024],[-74.93219,38.92821],[-74.97167,38.94024],[-74.95014,39.01584],[-74.8963,39.09916],[-74.88553,39.15844],[-74.9609,39.19023],[-75.02551,39.19366],[-75.04705,39.21514],[-75.11165,39.21256],[-75.13678,39.18163],[-75.16908,39.20225],[-75.17626,39.24263],[-75.24087,39.27441],[-75.25164,39.30018],[-75.28753,39.28988],[-75.34137,39.34829],[-75.36649,39.34142],[-75.4311,39.39125],[-75.46699,39.43935],[-75.53519,39.46083],[-75.51365,39.5811],[-75.55673,39.60601],[-75.56032,39.63006]]]}},{"type":"Feature","id":"NM","properties":{"abbr":"NM","name":"New Mexico","fips":"35"},"geometry":{"type":"Polygon","coordinates":[[[-109.04484,36.99876],[-108.24802,36.99876],[-107.42248,36.99962],[-106.87691,37.00048],[-106.86973,36.99275],[-106.20212,36.99447],[-105.12174,36.99533],[-104.9997,36.99361],[-104.33927,36.99361],[-103.73268,36.9979],[-103.00047,37.00048],[-103.00047,36.60274],[-103.00406,36.50051],[-103.04354,36.50051],[-103.03995,36.31753],[-103.03995,35.62255],[-103.04354,35.24972],[-103.04354,33.94567],[-103.05072,33.74636],[-103.0579,33.38814],[-103.0579,33.26014],[-103.06508,33.04194],[-103.06508,32.00075],[-103.72192,31.9999],[-104.5331,31.9999],[-105.43042,32.00075],[-106.61848,32.00075],[-106.62207,31.91399],[-106.64719,31.89853],[-106.63642,31.86588],[-106.60053,31.84441],[-106.60412,31.82465],[-106.54669,31.80747],[-106.52874,31.78341],[-107.29685,31.78341],[-108.20853,31.78341],[-108.20853,31.33327],[-109.04843,31.33241],[-109.04843,33.77815],[-109.04484,33.87522],[-109.04843,33.99979],[-109.04484,34.52209],[-109.04484,35.31673],[-109.04843,35.3425],[-109.04484,35.54609],[-109.04484,36.99876]]]}},{"type":"Feature","id":"NV","properties":{"abbr":"NV","name":"Nevada","fips":"32"},"geometry":{"type":"Polygon","coordinates":[[[-119.99936,41.9942],[-119.99936,41.99506],[-119.20972,41.99334],[-118.69645,41.99162],[-118.60313,41.9942],[-117.62325,41.99849],[-117.02743,42.00021],[-116.367,41.99591],[-115.31534,41.99591],[-115.03178,41.99591],[-114.80566,42.00193],[-114.59748,41.9942],[-114.46826,41.99591],[-114.04114,41.99334],[-114.04114,41.00026],[-114.04473,40.77175],[-114.04473,40.23226],[-114.04831,40.10426],[-114.04831,38.67737],[-114.0519,38.40419],[-114.04831,38.14819],[-114.0519,37.99957],[-114.04831,37.7659],[-114.0519,37.75645],[-114.0519,37.00048],[-114.0519,36.62507],[-114.04473,36.39141],[-114.04831,36.19383],[-114.06626,36.18094],[-114.1524,36.02373],[-114.23855,36.01428],[-114.31392,36.05809],[-114.30674,36.08215],[-114.37135,36.14314],[-114.41801,36.14572],[-114.50416,36.1294],[-114.51133,36.15087],[-114.57235,36.15173],[-114.61542,36.13025],[-114.63337,36.14228],[-114.66567,36.11737],[-114.75541,36.09074],[-114.73028,36.02201],[-114.74464,35.98507],[-114.70157,35.90174],[-114.66567,35.87511],[-114.69798,35.8545],[-114.71233,35.80639],[-114.69439,35.7557],[-114.70516,35.71189],[-114.68003,35.68526],[-114.6908,35.65176],[-114.65849,35.61911],[-114.65849,35.53063],[-114.68003,35.4997],[-114.66567,35.44988],[-114.62619,35.4095],[-114.60466,35.35366],[-114.57235,35.20075],[-114.57235,35.1389],[-114.64773,35.10196],[-114.61183,35.08306],[-114.63337,35.00145],[-115.161,35.42411],[-115.41225,35.62513],[-116.25214,36.27715],[-117.37559,37.12676],[-117.83143,37.46523],[-118.05397,37.62502],[-118.50263,37.94888],[-118.85797,38.20488],[-119.08409,38.36123],[-119.49327,38.64988],[-119.90604,38.93337],[-119.99936,38.99951],[-120.00654,39.22545],[-120.00295,39.33025],[-120.00295,39.72284],[-119.99936,39.73401],[-119.99577,40.07162],[-119.99577,40.72107],[-119.99936,40.75028],[-119.99936,41.9942]]]}},{"type":"Feature","id":"NY","properties":{"abbr":"NY","name":"New York","fips":"36"},"geometry":{"type":"MultiPolygon","coordinates":[[[[-72.03563,41.2554],[-72.02486,41.27087],[-71.92795,41.28977],[-72.00333,41.25283],[-72.03563,41.2554]]],[[[-72.14331,41.0982],[-72.12536,41.11538],[-72.08588,41.10163],[-72.08588,41.05868],[-72.10741,41.08875],[-72.14331,41.0982]]],[[[-72.21509,41.18324],[-72.15766,41.19699],[-72.20074,41.16005],[-72.21509,41.18324]]],[[[-74.07076,40.66094],[-74.05281,40.60338],[-74.08512,40.56988],[-74.22151,40.50287],[-74.26099,40.50201],[-74.25022,40.54496],[-74.21792,40.55871],[-74.20356,40.63087],[-74.07076,40.66094]]],[[[-76.37509,43.87468],[-76.31766,43.91763],[-76.3356,43.87897],[-76.37509,43.87468]]],[[[-76.45405,43.891],[-76.41098,43.92536],[-76.37867,43.92107],[-76.45405,43.891]]],[[[-79.76338,42.26995],[-79.64493,42.31548],[-79.4547,42.41084],[-79.35061,42.48901],[-79.24293,42.53197],[-79.14961,42.55344],[-79.11013,42.61358],[-79.06347,42.6445],[-79.04911,42.68918],[-78.91989,42.73728],[-78.8517,42.78367],[-78.86606,42.8524],[-78.91272,42.88676],[-78.90554,42.9237],[-78.93066,42.95548],[-79.01322,42.98555],[-79.00963,43.06458],[-79.07423,43.07747],[-79.04193,43.14362],[-79.05988,43.251],[-79.07064,43.26217],[-78.97014,43.28107],[-78.83375,43.31715],[-78.63275,43.35752],[-78.48918,43.3747],[-78.37073,43.37642],[-78.23434,43.36869],[-78.10512,43.37556],[-77.79645,43.33948],[-77.71389,43.32316],[-77.66005,43.28279],[-77.5775,43.24327],[-77.53443,43.23468],[-77.39086,43.27677],[-77.26523,43.27763],[-77.11089,43.28794],[-77.03552,43.27162],[-76.95296,43.27076],[-76.90271,43.29224],[-76.79503,43.30942],[-76.73043,43.34378],[-76.69812,43.34464],[-76.62992,43.41336],[-76.52225,43.46834],[-76.48635,43.47521],[-76.41816,43.5216],[-76.36791,43.5259],[-76.29612,43.51301],[-76.2351,43.52934],[-76.2028,43.57487],[-76.19562,43.6496],[-76.22792,43.80423],[-76.29971,43.8386],[-76.26023,43.88155],[-76.20998,43.891],[-76.2028,43.86265],[-76.12742,43.89787],[-76.13819,43.93481],[-76.20639,43.97519],[-76.28535,43.9623],[-76.26741,43.98721],[-76.32125,44.03103],[-76.37509,44.03189],[-76.3715,44.10061],[-76.31407,44.1994],[-76.24587,44.2037],[-76.16332,44.23978],[-76.16332,44.28101],[-76.09871,44.29991],[-76.0018,44.34716],[-75.96949,44.34287],[-75.91207,44.36778],[-75.82233,44.43221],[-75.80798,44.47172],[-75.76491,44.51554],[-75.61774,44.61948],[-75.50648,44.70539],[-75.30548,44.82652],[-75.30906,44.83682],[-75.06499,44.93046],[-74.97167,44.98372],[-74.90706,44.98372],[-74.8281,45.01551],[-74.73119,44.9906],[-74.66299,44.99919],[-74.33637,44.99231],[-74.14613,44.99146],[-73.76208,45.00348],[-73.67594,45.00262],[-73.34213,45.01121],[-73.33854,44.91758],[-73.36367,44.8918],[-73.37802,44.83768],[-73.33136,44.78872],[-73.36726,44.74147],[-73.37444,44.66244],[-73.38879,44.6358],[-73.37444,44.57567],[-73.30624,44.50007],[-73.29188,44.4408],[-73.33495,44.37207],[-73.30983,44.27414],[-73.32419,44.24321],[-73.39238,44.18909],[-73.41033,44.11264],[-73.43904,44.04477],[-73.40674,44.02158],[-73.41033,43.93309],[-73.37444,43.87554],[-73.39238,43.82056],[-73.34931,43.77159],[-73.40674,43.68826],[-73.43186,43.59033],[-73.39597,43.56799],[-73.37085,43.62469],[-73.30265,43.62469],[-73.29547,43.57916],[-73.24881,43.55425],[-73.25599,43.25959],[-73.27752,42.89707],[-73.27752,42.8335],[-73.29188,42.80171],[-73.26317,42.74587],[-73.3852,42.42544],[-73.50724,42.08612],[-73.4857,42.05003],[-73.51801,41.68751],[-73.53595,41.43409],[-73.55031,41.29578],[-73.48211,41.21245],[-73.72619,41.10077],[-73.6544,41.01315],[-73.65799,40.9848],[-73.68311,40.94872],[-73.75849,40.91264],[-73.76567,40.84477],[-73.81233,40.84649],[-73.78003,40.79495],[-73.71542,40.86969],[-73.67594,40.8568],[-73.64004,40.89288],[-73.56467,40.91608],[-73.50006,40.91779],[-73.4857,40.94614],[-73.40674,40.92037],[-73.39956,40.95559],[-73.36726,40.93154],[-73.29547,40.92467],[-73.23086,40.90491],[-73.14831,40.92896],[-73.14113,40.9659],[-73.08011,40.97277],[-73.04422,40.96247],[-72.77502,40.96504],[-72.63504,40.98222],[-72.58479,40.99769],[-72.47711,41.05181],[-72.44481,41.08617],[-72.40174,41.09734],[-72.35508,41.14029],[-72.2797,41.15833],[-72.23663,41.15661],[-72.30124,41.11194],[-72.33354,41.10679],[-72.2797,41.08016],[-72.26175,41.04236],[-72.20074,41.03205],[-72.16125,41.05353],[-72.10383,40.99167],[-72.04999,41.00628],[-71.96743,41.04751],[-71.96025,41.07157],[-71.89924,41.08102],[-71.85616,41.07071],[-71.87411,41.05267],[-72.11459,40.97192],[-72.39456,40.86625],[-72.57402,40.81299],[-72.86476,40.7331],[-73.05499,40.66609],[-73.20933,40.63087],[-73.30624,40.62056],[-73.32777,40.63345],[-73.55749,40.5819],[-73.77644,40.59049],[-73.94154,40.54324],[-73.93078,40.57589],[-74.01333,40.57417],[-74.00256,40.59565],[-74.04204,40.62915],[-74.01692,40.65922],[-74.04563,40.69014],[-74.0241,40.70904],[-74.00974,40.76488],[-73.96667,40.82072],[-73.89488,40.98136],[-73.90565,40.99769],[-74.37944,41.20902],[-74.6953,41.35763],[-74.74196,41.40488],[-74.73837,41.43065],[-74.7958,41.42378],[-74.80656,41.44268],[-74.8963,41.4401],[-74.88912,41.45557],[-74.94296,41.48391],[-74.98244,41.47962],[-74.98603,41.50883],[-75.07576,41.6059],[-75.04705,41.61621],[-75.05422,41.7528],[-75.10448,41.77084],[-75.07576,41.79833],[-75.11165,41.84042],[-75.20856,41.86963],[-75.2624,41.8662],[-75.29112,41.9521],[-75.30906,41.94867],[-75.35931,41.99935],[-75.74337,41.99763],[-76.34996,41.99849],[-76.74837,42.00193],[-77.12525,41.99935],[-77.99745,41.99849],[-78.59686,42.00021],[-78.87323,41.99763],[-79.75979,41.99849],[-79.76338,42.00021],[-79.76338,42.26995]]]]}},{"type":"Feature","id":"OH","properties":{"abbr":"OH","name":"Ohio","fips":"39"},"geometry":{"type":"MultiPolygon","coordinates":[[[[-82.73531,41.60332],[-82.67789,41.61793],[-82.68506,41.587],[-82.73531,41.60332]]],[[[-82.84299,41.64714],[-82.82146,41.72445],[-82.78197,41.69438],[-82.79274,41.66432],[-82.84299,41.62824],[-82.84299,41.64714]]],[[[-84.80634,41.6961],[-84.36126,41.70641],[-83.76185,41.72359],[-83.45317,41.73304],[-83.44958,41.71071],[-83.37421,41.68665],[-83.32755,41.70126],[-83.19474,41.63081],[-83.10501,41.61363],[-83.06553,41.59559],[-83.00092,41.53889],[-82.93273,41.51398],[-82.86812,41.53374],[-82.86094,41.57669],[-82.83581,41.58786],[-82.78556,41.54061],[-82.71737,41.54233],[-82.72096,41.51055],[-82.61687,41.42808],[-82.55944,41.39973],[-82.48047,41.38169],[-82.33331,41.43065],[-82.25435,41.43409],[-82.19333,41.46416],[-82.01028,41.5157],[-81.87747,41.48306],[-81.80928,41.49594],[-81.73749,41.48821],[-81.6334,41.54061],[-81.52931,41.61449],[-81.5006,41.62308],[-81.44317,41.67291],[-81.28524,41.76053],[-81.24935,41.76139],[-81.00886,41.85417],[-80.90118,41.86877],[-80.81504,41.89798],[-80.58174,41.95726],[-80.52072,41.97787],[-80.52072,40.6386],[-80.58533,40.61541],[-80.63558,40.61626],[-80.66788,40.57331],[-80.6284,40.53551],[-80.59609,40.46335],[-80.61045,40.40236],[-80.59968,40.32075],[-80.61763,40.26491],[-80.65352,40.24515],[-80.67147,40.19275],[-80.70736,40.15151],[-80.70736,40.10169],[-80.73967,40.07592],[-80.73967,39.97111],[-80.76479,39.95393],[-80.75761,39.90926],[-80.80427,39.91871],[-80.78992,39.86716],[-80.82581,39.84741],[-80.82581,39.79844],[-80.86888,39.7572],[-80.8294,39.71425],[-80.86529,39.69192],[-80.87965,39.62061],[-80.93708,39.61288],[-81.04476,39.53643],[-81.10219,39.48746],[-81.1309,39.44623],[-81.17038,39.43935],[-81.20986,39.39296],[-81.27088,39.38609],[-81.34626,39.34572],[-81.38574,39.34314],[-81.40728,39.38781],[-81.46829,39.40413],[-81.55803,39.33884],[-81.56879,39.26754],[-81.68006,39.27355],[-81.69083,39.22631],[-81.72672,39.216],[-81.75544,39.18078],[-81.74467,39.09831],[-81.81287,39.08198],[-81.8021,39.04504],[-81.7662,39.02013],[-81.78056,38.92478],[-81.81287,38.94625],[-81.84517,38.92907],[-81.85594,38.89299],[-81.88824,38.87409],[-81.92772,38.89127],[-81.89901,38.92563],[-81.94208,38.9935],[-81.98156,38.99436],[-82.02822,39.02872],[-82.04976,38.99694],[-82.09283,38.97374],[-82.14308,38.89814],[-82.14308,38.84059],[-82.21846,38.79592],[-82.18256,38.70572],[-82.17179,38.61895],[-82.19333,38.59318],[-82.25076,38.59919],[-82.29383,38.57514],[-82.3046,38.49095],[-82.32255,38.44886],[-82.4051,38.43941],[-82.53072,38.40504],[-82.59533,38.42223],[-82.60251,38.46002],[-82.64917,38.49009],[-82.72455,38.55796],[-82.79992,38.56311],[-82.84658,38.5949],[-82.87889,38.69025],[-82.86812,38.72805],[-82.89324,38.7564],[-82.96862,38.72891],[-83.02246,38.72891],[-83.05476,38.69541],[-83.11937,38.6662],[-83.15526,38.62067],[-83.26294,38.62153],[-83.3096,38.60091],[-83.32755,38.63785],[-83.36703,38.65847],[-83.46753,38.67565],[-83.52137,38.70314],[-83.61469,38.68424],[-83.66494,38.62754],[-83.76544,38.65245],[-83.78339,38.69541],[-83.83723,38.71774],[-83.848,38.74695],[-83.95208,38.78647],[-84.07053,38.77015],[-84.2141,38.80537],[-84.23205,38.8277],[-84.23205,38.8844],[-84.28948,38.9557],[-84.32537,39.02786],[-84.42946,39.05535],[-84.44382,39.11463],[-84.47253,39.1215],[-84.50125,39.09659],[-84.5515,39.09916],[-84.60175,39.07425],[-84.67712,39.09831],[-84.73096,39.1447],[-84.75609,39.14641],[-84.82069,39.10518],[-84.82069,39.30963],[-84.81352,39.54845],[-84.81352,39.9273],[-84.80275,40.30271],[-84.80275,41.48821],[-84.80634,41.6961]]]]}},{"type":"Feature","id":"OK","properties":{"abbr":"OK","name":"Oklahoma","fips":"40"},"geometry":{"type":"Polygon","coordinates":[[[-103.00047,37.00048],[-102.77793,36.99962],[-102.69897,36.99533],[-102.04213,36.99275],[-101.48579,36.99533],[-100.73562,36.99876],[-100.20082,37.0022],[-99.64807,36.99962],[-99.27837,36.99962],[-98.35233,36.9979],[-97.60576,36.99876],[-96.82329,36.99876],[-96.2167,36.99876],[-95.5132,36.99962],[-94.61947,36.99876],[-94.61947,36.49965],[-94.59793,36.38797],[-94.57281,36.21101],[-94.55127,36.10191],[-94.50102,35.79694],[-94.48666,35.7265],[-94.43282,35.39404],[-94.44,35.12],[-94.45077,34.89579],[-94.45436,34.69391],[-94.46154,34.54787],[-94.46872,34.18964],[-94.48666,33.63812],[-94.51897,33.61665],[-94.58716,33.67936],[-94.64459,33.66819],[-94.64818,33.68795],[-94.7092,33.68709],[-94.77381,33.75495],[-94.82765,33.74121],[-94.87072,33.7455],[-94.94609,33.81251],[-94.97122,33.86234],[-95.05018,33.86406],[-95.13274,33.93708],[-95.22965,33.96113],[-95.25477,33.90271],[-95.29425,33.87522],[-95.34091,33.86921],[-95.46295,33.87265],[-95.46295,33.88553],[-95.53833,33.87952],[-95.56345,33.93192],[-95.59934,33.9345],[-95.68549,33.88983],[-95.75727,33.8924],[-95.75368,33.85375],[-95.80034,33.86148],[-95.83265,33.83485],[-95.93674,33.88725],[-95.94033,33.86148],[-96.04801,33.83657],[-96.10184,33.84773],[-96.09826,33.83055],[-96.14851,33.83742],[-96.17722,33.76011],[-96.22747,33.74808],[-96.29567,33.7644],[-96.32079,33.69482],[-96.36386,33.69224],[-96.36745,33.71114],[-96.42847,33.77901],[-96.50385,33.77385],[-96.53256,33.82282],[-96.57204,33.81938],[-96.62947,33.84516],[-96.5864,33.89498],[-96.67613,33.90873],[-96.70485,33.83485],[-96.76945,33.82712],[-96.78381,33.8632],[-96.83047,33.87522],[-96.85201,33.84687],[-96.88431,33.86835],[-96.90585,33.94996],[-96.92379,33.95941],[-96.97404,33.93622],[-96.99558,33.9491],[-96.98481,33.88639],[-97.04224,33.83742],[-97.0889,33.85375],[-97.04942,33.81767],[-97.09608,33.79877],[-97.08531,33.74379],[-97.12479,33.71716],[-97.16428,33.72918],[-97.20735,33.80993],[-97.17145,33.83571],[-97.17863,33.8924],[-97.21094,33.91646],[-97.24683,33.90014],[-97.25401,33.86406],[-97.30067,33.88038],[-97.33297,33.87436],[-97.37245,33.81938],[-97.44424,33.82368],[-97.46219,33.84945],[-97.4586,33.90357],[-97.50167,33.91989],[-97.5591,33.8967],[-97.59858,33.91818],[-97.58781,33.9534],[-97.65601,33.98948],[-97.68831,33.9869],[-97.73138,33.93708],[-97.83547,33.85804],[-97.87855,33.85031],[-97.93597,33.87952],[-97.96828,33.8821],[-97.95392,33.93793],[-97.97187,33.93708],[-97.94674,33.98862],[-97.97187,34.0058],[-98.01853,33.99377],[-98.08672,34.00322],[-98.12262,34.0814],[-98.0939,34.11146],[-98.10826,34.15442],[-98.16928,34.11404],[-98.24106,34.13294],[-98.2949,34.13294],[-98.3631,34.15699],[-98.40258,34.12263],[-98.41335,34.08483],[-98.48514,34.0625],[-98.57128,34.14497],[-98.64665,34.16473],[-98.68973,34.13294],[-98.7651,34.13638],[-98.81176,34.15871],[-98.85842,34.16129],[-98.91944,34.18191],[-98.98764,34.22142],[-99.04507,34.19823],[-99.07737,34.21112],[-99.12044,34.20167],[-99.12762,34.21885],[-99.19223,34.21627],[-99.21017,34.33654],[-99.27478,34.38465],[-99.26042,34.40354],[-99.31785,34.40784],[-99.38246,34.45681],[-99.39682,34.37777],[-99.43989,34.37434],[-99.51885,34.41471],[-99.57987,34.41643],[-99.60141,34.37434],[-99.70909,34.38722],[-99.79523,34.45423],[-99.92803,34.57707],[-99.99982,34.56075],[-99.99982,36.49965],[-100.4413,36.49965],[-101.08378,36.49965],[-101.62218,36.49965],[-102.25031,36.50051],[-103.00406,36.50051],[-103.00047,36.60274],[-103.00047,37.00048]]]}},{"type":"Feature","id":"OR","properties":{"abbr":"OR","name":"Oregon","fips":"41"},"geometry":{"type":"Polygon","coordinates":[[[-123.54918,46.25943],[-123.4738,46.26802],[-123.42714,46.22936],[-123.43073,46.18211],[-123.36971,46.14603],[-123.27998,46.14517],[-123.16512,46.18898],[-123.11487,46.18555],[-122.9031,46.08332],[-122.87798,46.03092],[-122.81337,45.96133],[-122.80978,45.91237],[-122.78466,45.8677],[-122.79542,45.81014],[-122.75953,45.73454],[-122.77389,45.69932],[-122.76312,45.65637],[-122.64467,45.60998],[-122.47957,45.57991],[-122.44008,45.56359],[-122.37907,45.57562],[-122.33241,45.54813],[-122.2678,45.54383],[-122.18524,45.57733],[-122.10269,45.58335],[-121.90887,45.65465],[-121.8658,45.69331],[-121.81196,45.70705],[-121.73658,45.69417],[-121.63249,45.70447],[-121.53199,45.72681],[-121.4638,45.70104],[-121.40278,45.69331],[-121.33817,45.70533],[-121.21613,45.67097],[-121.18383,45.60654],[-121.13358,45.60998],[-121.06538,45.65293],[-120.94335,45.65637],[-120.89669,45.64262],[-120.85721,45.67183],[-120.68851,45.71564],[-120.63467,45.74571],[-120.55929,45.73798],[-120.48392,45.69417],[-120.40495,45.69932],[-120.28292,45.72166],[-120.21113,45.72595],[-120.17165,45.76203],[-120.07115,45.78523],[-119.96706,45.82474],[-119.80195,45.84794],[-119.66915,45.85653],[-119.62249,45.90549],[-119.57224,45.92525],[-119.4861,45.90635],[-119.25638,45.93986],[-119.19536,45.92783],[-119.12717,45.93298],[-119.02667,45.96907],[-118.98718,45.99999],[-118.40213,46.00085],[-117.5048,45.99827],[-116.91616,45.9957],[-116.85873,45.90378],[-116.81925,45.88058],[-116.76182,45.81615],[-116.69721,45.82045],[-116.66132,45.78007],[-116.59312,45.77835],[-116.5357,45.73712],[-116.5357,45.69159],[-116.48903,45.6495],[-116.46391,45.60311],[-116.55005,45.51033],[-116.55364,45.46308],[-116.58953,45.44332],[-116.67568,45.31446],[-116.67209,45.28354],[-116.70439,45.23972],[-116.72952,45.14007],[-116.77618,45.10571],[-116.79771,45.06018],[-116.84796,45.02238],[-116.85873,44.97857],[-116.83361,44.92874],[-116.86591,44.87033],[-116.93052,44.80504],[-116.93052,44.787],[-117.04538,44.74491],[-117.09563,44.66501],[-117.12434,44.58168],[-117.16023,44.52499],[-117.22484,44.48375],[-117.21407,44.42705],[-117.24279,44.39613],[-117.18895,44.33685],[-117.21766,44.28874],[-117.171,44.25868],[-117.1028,44.28015],[-117.04538,44.22947],[-116.97359,44.23978],[-116.96641,44.19425],[-116.9018,44.17964],[-116.89821,44.15301],[-116.93411,44.09975],[-116.97718,44.08515],[-116.97359,44.04907],[-116.93411,44.02158],[-116.9377,43.98464],[-116.98077,43.91505],[-116.98077,43.86866],[-117.02025,43.85921],[-117.02743,43.80853],[-117.02743,42.00021],[-117.62325,41.99849],[-118.60313,41.9942],[-118.69645,41.99162],[-119.20972,41.99334],[-119.99936,41.99506],[-119.99936,41.9942],[-119.99936,41.99506],[-120.32958,41.99334],[-121.03667,41.99334],[-121.44585,41.99677],[-121.9986,42.00365],[-122.16012,42.00794],[-122.5011,42.0088],[-122.63391,42.0045],[-123.04667,42.00279],[-123.14718,42.00966],[-123.34818,41.99935],[-123.62455,42.00021],[-123.65685,41.99506],[-124.2132,41.99849],[-124.28857,42.04574],[-124.34241,42.09299],[-124.36754,42.15226],[-124.36036,42.18061],[-124.41061,42.2502],[-124.40343,42.27769],[-124.42855,42.33181],[-124.43573,42.44005],[-124.38907,42.56633],[-124.4142,42.65825],[-124.47521,42.73299],[-124.5147,42.73471],[-124.55418,42.84037],[-124.50034,42.91769],[-124.45727,43.00015],[-124.43573,43.07146],[-124.43573,43.11613],[-124.40343,43.18485],[-124.38189,43.2699],[-124.40343,43.30598],[-124.34241,43.35151],[-124.3137,43.38845],[-124.25627,43.50185],[-124.20243,43.66764],[-124.14859,43.91076],[-124.12346,44.10405],[-124.10911,44.26555],[-124.11628,44.27242],[-124.08039,44.44166],[-124.08398,44.50093],[-124.05886,44.659],[-124.05886,44.73803],[-124.0768,44.77154],[-124.04809,44.84971],[-124.00502,45.04472],[-123.9763,45.14523],[-123.96194,45.2801],[-123.97271,45.3368],[-123.96194,45.43043],[-123.9763,45.48971],[-123.95836,45.51033],[-123.94041,45.66152],[-123.944,45.72681],[-123.98348,45.76203],[-123.96194,45.83677],[-123.96912,45.90807],[-123.99425,45.94673],[-123.93682,45.97766],[-123.93323,46.07129],[-124.00143,46.23709],[-123.90452,46.16923],[-123.85427,46.1572],[-123.86503,46.18984],[-123.78248,46.19843],[-123.75736,46.21304],[-123.71787,46.18898],[-123.6748,46.21562],[-123.62096,46.21562],[-123.54918,46.25943]]]}},{"type":"Feature","id":"PA","properties":{"abbr":"PA","name":"Pennsylvania","fips":"42"},"geometry":{"type":"Polygon","coordinates":[[[-80.52072,41.97787],[-80.34843,42.03028],[-80.18692,42.09385],[-80.15461,42.11446],[-80.11872,42.16601],[-80.07206,42.16859],[-80.06129,42.14453],[-79.93208,42.20638],[-79.76338,42.26995],[-79.76338,42.00021],[-79.75979,41.99849],[-78.87323,41.99763],[-78.59686,42.00021],[-77.99745,41.99849],[-77.12525,41.99935],[-76.74837,42.00193],[-76.34996,41.99849],[-75.74337,41.99763],[-75.35931,41.99935],[-75.30906,41.94867],[-75.29112,41.9521],[-75.2624,41.8662],[-75.20856,41.86963],[-75.11165,41.84042],[-75.07576,41.79833],[-75.10448,41.77084],[-75.05422,41.7528],[-75.04705,41.61621],[-75.07576,41.6059],[-74.98603,41.50883],[-74.98244,41.47962],[-74.94296,41.48391],[-74.88912,41.45557],[-74.8963,41.4401],[-74.80656,41.44268],[-74.7958,41.42378],[-74.73837,41.43065],[-74.74196,41.40488],[-74.6953,41.35763],[-74.75272,41.34647],[-74.83169,41.28719],[-74.88194,41.18067],[-74.92142,41.13857],[-74.98244,41.10851],[-74.96808,41.08789],[-75.02551,41.03978],[-75.09012,41.01487],[-75.13678,40.97363],[-75.05064,40.87055],[-75.13319,40.77347],[-75.17267,40.77777],[-75.20498,40.69186],[-75.17626,40.67296],[-75.20139,40.64719],[-75.19421,40.57589],[-75.1619,40.56386],[-75.10089,40.56816],[-75.06499,40.53637],[-75.07217,40.45476],[-75.05781,40.4161],[-74.96808,40.39978],[-74.94296,40.34137],[-74.86758,40.29498],[-74.84246,40.2503],[-74.77067,40.21508],[-74.72042,40.15409],[-74.78144,40.12059],[-74.81733,40.12746],[-74.8604,40.08365],[-74.92501,40.07076],[-75.04705,40.00891],[-75.07217,39.98056],[-75.1296,39.95908],[-75.1296,39.89981],[-75.21933,39.86115],[-75.35573,39.83967],[-75.41674,39.80188],[-75.4993,39.83366],[-75.57826,39.83882],[-75.6644,39.82163],[-75.71824,39.79243],[-75.79003,39.72198],[-76.56891,39.72112],[-76.99244,39.72027],[-77.53443,39.72027],[-78.3815,39.72284],[-79.47624,39.72112],[-80.07565,39.72112],[-80.52072,39.72112],[-80.52072,40.6386],[-80.52072,41.97787]]]}},{"type":"Feature","id":"RI","properties":{"abbr":"RI","name":"Rhode Island","fips":"44"},"geometry":{"type":"MultiPolygon","coordinates":[[[[-71.19573,41.67548],[-71.13113,41.66002],[-71.12036,41.49766],[-71.19214,41.45814],[-71.21368,41.54577],[-71.2065,41.60075],[-71.24239,41.61965],[-71.23522,41.48306],[-71.29623,41.48477],[-71.30341,41.45471],[-71.33931,41.44869],[-71.34289,41.49594],[-71.28547,41.57755],[-71.25675,41.63597],[-71.19573,41.67548]]],[[[-71.36443,41.66088],[-71.34648,41.66689],[-71.307,41.62222],[-71.32495,41.61621],[-71.36443,41.66088]]],[[[-71.40032,41.46072],[-71.37879,41.50453],[-71.39315,41.52429],[-71.3752,41.57326],[-71.36084,41.55608],[-71.36084,41.48306],[-71.40032,41.46072]]],[[[-71.61209,41.16005],[-71.57261,41.22877],[-71.55466,41.21675],[-71.55107,41.15146],[-71.61209,41.16005]]],[[[-71.85975,41.31983],[-71.83104,41.34475],[-71.84181,41.41004],[-71.79874,41.41691],[-71.78797,41.59645],[-71.78797,41.72531],[-71.79874,41.91602],[-71.79874,42.00794],[-71.38238,42.01911],[-71.38238,41.89283],[-71.33931,41.89798],[-71.34648,41.8284],[-71.32854,41.78029],[-71.26034,41.75194],[-71.22445,41.71071],[-71.23522,41.67205],[-71.28547,41.63683],[-71.307,41.67291],[-71.29264,41.70297],[-71.36084,41.74936],[-71.38956,41.78373],[-71.37161,41.67291],[-71.45057,41.68751],[-71.4075,41.65401],[-71.40391,41.58958],[-71.44698,41.58013],[-71.41827,41.5346],[-71.41827,41.47275],[-71.45416,41.43409],[-71.48288,41.37138],[-71.52595,41.37653],[-71.62286,41.36107],[-71.71977,41.33186],[-71.85616,41.30609],[-71.85975,41.31983]]]]}},{"type":"Feature","id":"SC","properties":{"abbr":"SC","name":"South Carolina","fips":"45"},"geometry":{"type":"Polygon","coordinates":[[[-83.1086,35.00059],[-82.78197,35.08564],[-82.75685,35.0676],[-82.65635,35.11914],[-82.55226,35.15952],[-82.53072,35.15522],[-82.45894,35.17842],[-82.43381,35.17068],[-82.39074,35.21536],[-82.3728,35.18185],[-82.29024,35.19903],[-81.61545,35.17412],[-81.23858,35.16038],[-81.04117,35.14921],[-81.03399,35.10368],[-81.05911,35.06244],[-81.04117,35.0444],[-80.93349,35.10711],[-80.78274,34.93616],[-80.7971,34.82019],[-80.1582,34.8116],[-79.89259,34.80558],[-79.67365,34.80473],[-79.35779,34.54529],[-79.24652,34.44564],[-78.87323,34.13466],[-78.53943,33.85117],[-78.58609,33.8443],[-78.7153,33.80048],[-78.81222,33.74379],[-78.93784,33.63984],[-79.00245,33.57197],[-79.02757,33.53332],[-79.085,33.48349],[-79.13525,33.4036],[-79.18191,33.25412],[-79.17115,33.20687],[-79.19627,33.16564],[-79.24652,33.12526],[-79.32907,33.09004],[-79.36138,33.00671],[-79.4224,33.0153],[-79.48341,33.00156],[-79.5229,33.03506],[-79.58032,33.00671],[-79.61622,32.95259],[-79.60545,32.92596],[-79.57674,32.93455],[-79.57674,32.9062],[-79.63057,32.88902],[-79.69518,32.85036],[-79.72749,32.80569],[-79.84952,32.75501],[-79.88541,32.78765],[-79.9249,32.78164],[-79.92849,32.75415],[-79.86747,32.73525],[-79.88541,32.68457],[-79.97515,32.6399],[-80.00027,32.60553],[-80.03616,32.60983],[-80.12231,32.59093],[-80.18333,32.54024],[-80.20486,32.55571],[-80.33408,32.47839],[-80.36279,32.49643],[-80.41663,32.47238],[-80.42381,32.49815],[-80.47047,32.49729],[-80.48483,32.46121],[-80.43099,32.38991],[-80.45611,32.32634],[-80.57097,32.27308],[-80.63917,32.2559],[-80.64634,32.29112],[-80.71454,32.32548],[-80.75402,32.30658],[-80.7612,32.27995],[-80.71813,32.26706],[-80.66788,32.21638],[-80.72172,32.16054],[-80.81145,32.10986],[-80.84376,32.10986],[-80.90477,32.0523],[-80.88683,32.03426],[-80.91913,32.03769],[-80.9981,32.09869],[-81.03758,32.08408],[-81.11295,32.11329],[-81.1309,32.16655],[-81.11654,32.18889],[-81.15602,32.24645],[-81.12013,32.28424],[-81.14167,32.34953],[-81.15602,32.3461],[-81.20986,32.4363],[-81.19551,32.46551],[-81.27806,32.53509],[-81.27806,32.55485],[-81.36779,32.57718],[-81.41086,32.61842],[-81.39292,32.65364],[-81.40728,32.69487],[-81.42881,32.70175],[-81.41086,32.74041],[-81.42522,32.76789],[-81.42522,32.84092],[-81.45753,32.8538],[-81.4647,32.89589],[-81.50778,32.95087],[-81.48983,33.00843],[-81.55803,33.04537],[-81.61545,33.0952],[-81.64776,33.09434],[-81.74467,33.14159],[-81.77338,33.18024],[-81.7662,33.21547],[-81.80569,33.21117],[-81.85235,33.24725],[-81.83799,33.27302],[-81.93849,33.34346],[-81.92413,33.37095],[-81.93849,33.40446],[-81.91337,33.4414],[-81.92772,33.46202],[-81.98156,33.48435],[-82.04617,33.56424],[-82.10719,33.59603],[-82.15026,33.59775],[-82.19692,33.63039],[-82.20051,33.66475],[-82.23281,33.69997],[-82.24717,33.75238],[-82.35126,33.83657],[-82.45535,33.88124],[-82.52355,33.94309],[-82.55585,33.94395],[-82.59533,34.03071],[-82.64558,34.07195],[-82.6743,34.1295],[-82.71737,34.15012],[-82.74249,34.20854],[-82.74249,34.25235],[-82.78197,34.29702],[-82.79274,34.33997],[-82.83581,34.36575],[-82.84658,34.42073],[-82.8753,34.47571],[-82.90401,34.48601],[-83.00451,34.47227],[-83.08706,34.51608],[-83.16962,34.60542],[-83.23064,34.61144],[-83.33832,34.68188],[-83.34908,34.73686],[-83.32037,34.7592],[-83.32396,34.79012],[-83.23064,34.88032],[-83.11937,34.93874],[-83.1086,35.00059]]]}},{"type":"Feature","id":"SD","properties":{"abbr":"SD","name":"South Dakota","fips":"46"},"geometry":{"type":"Polygon","coordinates":[[[-104.05931,44.99747],[-104.04136,45.0009],[-104.04136,45.75001],[-104.04495,45.94501],[-103.66808,45.94501],[-103.04713,45.94501],[-101.99905,45.94415],[-101.55757,45.94415],[-100.64948,45.94329],[-100.007,45.94158],[-99.31785,45.93986],[-98.41335,45.93642],[-97.98622,45.93556],[-97.31862,45.9347],[-96.56486,45.93556],[-96.57922,45.8256],[-96.62947,45.78609],[-96.67254,45.73196],[-96.75151,45.69846],[-96.84124,45.6452],[-96.85919,45.60568],[-96.76586,45.5215],[-96.73356,45.45878],[-96.68331,45.41154],[-96.6187,45.4081],[-96.48949,45.35741],[-96.4536,45.30158],[-96.4536,44.89009],[-96.45001,44.63065],[-96.4536,44.54389],[-96.4536,43.50013],[-96.59717,43.50013],[-96.57922,43.48123],[-96.60435,43.44944],[-96.52538,43.39446],[-96.52897,43.29997],[-96.57922,43.29567],[-96.55051,43.251],[-96.56127,43.22437],[-96.47513,43.22179],[-96.46795,43.15049],[-96.43565,43.12042],[-96.46077,43.06373],[-96.51102,43.04998],[-96.49308,43.00187],[-96.52179,42.97782],[-96.50026,42.95978],[-96.54333,42.92026],[-96.54333,42.85154],[-96.58281,42.83779],[-96.59358,42.79312],[-96.63306,42.77079],[-96.62947,42.7055],[-96.57563,42.6823],[-96.51461,42.63076],[-96.47872,42.55602],[-96.49308,42.51736],[-96.44642,42.49073],[-96.50744,42.48472],[-96.52538,42.51049],[-96.61152,42.5062],[-96.63665,42.55173],[-96.71202,42.60842],[-96.6869,42.65309],[-96.72638,42.66684],[-96.80176,42.66942],[-96.80535,42.70378],[-96.90585,42.73385],[-96.94892,42.71924],[-96.97763,42.76048],[-97.13197,42.77165],[-97.14992,42.7957],[-97.21453,42.81288],[-97.21812,42.84552],[-97.30785,42.867],[-97.36169,42.85497],[-97.41553,42.86614],[-97.44065,42.84638],[-97.50526,42.85841],[-97.56269,42.84724],[-97.62012,42.85669],[-97.68472,42.84209],[-97.77446,42.84982],[-97.84624,42.86786],[-97.87496,42.85841],[-97.90726,42.79484],[-97.95033,42.76993],[-98.01853,42.7622],[-98.1298,42.82147],[-98.25901,42.87473],[-98.46719,42.94775],[-98.49949,42.99844],[-98.90149,42.99844],[-99.5691,42.99758],[-100.11826,42.99844],[-100.88637,42.99758],[-101.62577,42.99586],[-101.8483,42.9993],[-102.4872,42.9993],[-103.00047,43.00015],[-104.05213,43.00101],[-104.05213,43.29739],[-104.05572,43.30426],[-104.05572,44.87462],[-104.05931,44.99747]]]}},{"type":"Feature","id":"TN","properties":{"abbr":"TN","name":"Tennessee","fips":"47"},"geometry":{"type":"Polygon","coordinates":[[[-89.73444,36.00054],[-89.69137,36.02029],[-89.6806,36.08472],[-89.60163,36.11909],[-89.60522,36.17149],[-89.70572,36.23506],[-89.69496,36.2531],[-89.58728,36.23936],[-89.53344,36.25224],[-89.53703,36.27544],[-89.6124,36.30894],[-89.6124,36.34072],[-89.52626,36.34158],[-89.50831,36.37337],[-89.5442,36.42405],[-89.51908,36.47903],[-89.54062,36.49793],[-89.48678,36.49707],[-89.49395,36.47044],[-89.44729,36.46443],[-89.41858,36.49879],[-89.30013,36.50738],[-88.99863,36.50223],[-88.54638,36.50223],[-88.05465,36.49707],[-88.03311,36.55205],[-88.069,36.67833],[-87.85006,36.66373],[-87.85365,36.63366],[-87.44447,36.64054],[-87.11425,36.64225],[-86.59022,36.65256],[-86.56509,36.63366],[-86.50766,36.65256],[-86.33179,36.64913],[-86.03388,36.63023],[-85.83287,36.62164],[-85.4883,36.61476],[-85.29089,36.62679],[-85.02528,36.61906],[-84.84223,36.60531],[-84.54432,36.59586],[-84.27153,36.59157],[-83.98798,36.58985],[-83.69007,36.58298],[-83.67571,36.60102],[-83.55726,36.59758],[-83.2773,36.59844],[-83.25935,36.59415],[-82.69583,36.59329],[-82.47688,36.59586],[-81.9349,36.59415],[-81.92413,36.61648],[-81.64776,36.61219],[-81.67647,36.58813],[-81.70878,36.53659],[-81.69442,36.46787],[-81.71595,36.45756],[-81.74108,36.40172],[-81.70519,36.33815],[-81.7662,36.33815],[-81.79492,36.35791],[-81.8344,36.3476],[-81.90978,36.30207],[-82.02822,36.13025],[-82.07847,36.1062],[-82.13231,36.1062],[-82.14667,36.14915],[-82.21487,36.15946],[-82.24717,36.13111],[-82.29024,36.13541],[-82.35126,36.11737],[-82.4051,36.0873],[-82.45894,36.00741],[-82.55944,35.95415],[-82.61328,35.97133],[-82.59533,36.03146],[-82.63122,36.06583],[-82.74967,36.00569],[-82.82146,35.9215],[-82.8753,35.95243],[-82.91119,35.92666],[-82.90042,35.87254],[-82.99374,35.77374],[-83.07989,35.78921],[-83.15526,35.7643],[-83.18398,35.72993],[-83.2414,35.7265],[-83.25576,35.69643],[-83.31319,35.65519],[-83.34908,35.66121],[-83.36703,35.63887],[-83.44599,35.61138],[-83.48548,35.56843],[-83.77262,35.56242],[-83.82646,35.52376],[-83.88389,35.51689],[-83.9126,35.47565],[-83.95926,35.46277],[-84.02028,35.4095],[-84.00592,35.3717],[-84.03823,35.35023],[-84.02028,35.30126],[-84.09925,35.24714],[-84.19975,35.24371],[-84.21051,35.26604],[-84.28948,35.22481],[-84.32178,34.98856],[-84.97862,34.98771],[-85.46677,34.98255],[-85.60675,34.98427],[-85.8257,34.98856],[-86.39639,34.992],[-86.5292,34.99028],[-86.863,34.992],[-87.43729,35.00317],[-87.66341,35.00317],[-88.20181,35.00832],[-88.20181,34.99544],[-88.92685,34.99458],[-89.48678,34.99372],[-90.30872,34.99544],[-90.29796,35.03753],[-90.20822,35.02636],[-90.17592,35.11227],[-90.14362,35.1346],[-90.10055,35.11656],[-90.06465,35.13804],[-90.11849,35.18787],[-90.07542,35.22481],[-90.09696,35.24972],[-90.1508,35.25573],[-90.16515,35.29611],[-90.10772,35.3047],[-90.10772,35.34336],[-90.07542,35.38373],[-90.12926,35.4138],[-90.13644,35.37686],[-90.17951,35.38201],[-90.16874,35.42153],[-90.08619,35.47909],[-90.05747,35.40349],[-90.01799,35.46792],[-90.0503,35.504],[-90.03235,35.55383],[-90.00005,35.56156],[-89.92108,35.51345],[-89.91031,35.54781],[-89.94262,35.5564],[-89.94621,35.60193],[-89.85288,35.63801],[-89.86365,35.67066],[-89.90672,35.6509],[-89.93903,35.6655],[-89.96056,35.72392],[-89.90672,35.75914],[-89.87442,35.7411],[-89.8134,35.76],[-89.7811,35.80467],[-89.74162,35.80553],[-89.70213,35.83388],[-89.77392,35.86481],[-89.74162,35.9069],[-89.65547,35.88714],[-89.65547,35.9258],[-89.72008,35.96789],[-89.73444,36.00054]]]}},{"type":"Feature","id":"TX","properties":{"abbr":"TX","name":"Texas","fips":"48"},"geometry":{"type":"Polygon","coordinates":[[[-103.00406,36.50051],[-102.25031,36.50051],[-101.62218,36.49965],[-101.08378,36.49965],[-100.4413,36.49965],[-99.99982,36.49965],[-99.99982,34.56075],[-99.92803,34.57707],[-99.79523,34.45423],[-99.70909,34.38722],[-99.60141,34.37434],[-99.57987,34.41643],[-99.51885,34.41471],[-99.43989,34.37434],[-99.39682,34.37777],[-99.38246,34.45681],[-99.31785,34.40784],[-99.26042,34.40354],[-99.27478,34.38465],[-99.21017,34.33654],[-99.19223,34.21627],[-99.12762,34.21885],[-99.12044,34.20167],[-99.07737,34.21112],[-99.04507,34.19823],[-98.98764,34.22142],[-98.91944,34.18191],[-98.85842,34.16129],[-98.81176,34.15871],[-98.7651,34.13638],[-98.68973,34.13294],[-98.64665,34.16473],[-98.57128,34.14497],[-98.48514,34.0625],[-98.41335,34.08483],[-98.40258,34.12263],[-98.3631,34.15699],[-98.2949,34.13294],[-98.24106,34.13294],[-98.16928,34.11404],[-98.10826,34.15442],[-98.0939,34.11146],[-98.12262,34.0814],[-98.08672,34.00322],[-98.01853,33.99377],[-97.97187,34.0058],[-97.94674,33.98862],[-97.97187,33.93708],[-97.95392,33.93793],[-97.96828,33.8821],[-97.93597,33.87952],[-97.87855,33.85031],[-97.83547,33.85804],[-97.73138,33.93708],[-97.68831,33.9869],[-97.65601,33.98948],[-97.58781,33.9534],[-97.59858,33.91818],[-97.5591,33.8967],[-97.50167,33.91989],[-97.4586,33.90357],[-97.46219,33.84945],[-97.44424,33.82368],[-97.37245,33.81938],[-97.33297,33.87436],[-97.30067,33.88038],[-97.25401,33.86406],[-97.24683,33.90014],[-97.21094,33.91646],[-97.17863,33.8924],[-97.17145,33.83571],[-97.20735,33.80993],[-97.16428,33.72918],[-97.12479,33.71716],[-97.08531,33.74379],[-97.09608,33.79877],[-97.04942,33.81767],[-97.0889,33.85375],[-97.04224,33.83742],[-96.98481,33.88639],[-96.99558,33.9491],[-96.97404,33.93622],[-96.92379,33.95941],[-96.90585,33.94996],[-96.88431,33.86835],[-96.85201,33.84687],[-96.83047,33.87522],[-96.78381,33.8632],[-96.76945,33.82712],[-96.70485,33.83485],[-96.67613,33.90873],[-96.5864,33.89498],[-96.62947,33.84516],[-96.57204,33.81938],[-96.53256,33.82282],[-96.50385,33.77385],[-96.42847,33.77901],[-96.36745,33.71114],[-96.36386,33.69224],[-96.32079,33.69482],[-96.29567,33.7644],[-96.22747,33.74808],[-96.17722,33.76011],[-96.14851,33.83742],[-96.09826,33.83055],[-96.10184,33.84773],[-96.04801,33.83657],[-95.94033,33.86148],[-95.93674,33.88725],[-95.83265,33.83485],[-95.80034,33.86148],[-95.75368,33.85375],[-95.75727,33.8924],[-95.68549,33.88983],[-95.59934,33.9345],[-95.56345,33.93192],[-95.53833,33.87952],[-95.46295,33.88553],[-95.46295,33.87265],[-95.34091,33.86921],[-95.29425,33.87522],[-95.25477,33.90271],[-95.22965,33.96113],[-95.13274,33.93708],[-95.05018,33.86406],[-94.97122,33.86234],[-94.94609,33.81251],[-94.87072,33.7455],[-94.82765,33.74121],[-94.77381,33.75495],[-94.7092,33.68709],[-94.64818,33.68795],[-94.64459,33.66819],[-94.58716,33.67936],[-94.51897,33.61665],[-94.48666,33.63812],[-94.45795,33.64499],[-94.45795,33.59861],[-94.41847,33.57713],[-94.38616,33.58228],[-94.39334,33.55136],[-94.35745,33.54363],[-94.3395,33.56682],[-94.31079,33.55136],[-94.30002,33.57627],[-94.22464,33.55308],[-94.18516,33.59259],[-94.14209,33.57799],[-94.12414,33.55222],[-94.10261,33.57026],[-94.04518,33.55136],[-94.04518,33.55136],[-94.04159,33.54191],[-94.04159,33.0196],[-94.04159,31.99216],[-94.01288,31.98186],[-93.97339,31.92],[-93.90879,31.89337],[-93.87648,31.82207],[-93.82264,31.77482],[-93.82982,31.74561],[-93.80111,31.69751],[-93.82623,31.66143],[-93.81546,31.62277],[-93.84059,31.59871],[-93.81905,31.5549],[-93.78675,31.52741],[-93.74009,31.52226],[-93.72932,31.49219],[-93.75086,31.469],[-93.70061,31.43807],[-93.7042,31.41058],[-93.67548,31.39769],[-93.66471,31.3556],[-93.68625,31.31007],[-93.64318,31.26969],[-93.62164,31.27141],[-93.60011,31.17434],[-93.53191,31.18465],[-93.55345,31.09702],[-93.52473,31.07039],[-93.51755,31.024],[-93.56421,31.00596],[-93.5678,30.97761],[-93.52473,30.93037],[-93.55704,30.91147],[-93.5678,30.87882],[-93.55345,30.8247],[-93.58575,30.79635],[-93.61805,30.74223],[-93.62882,30.67952],[-93.67189,30.65804],[-93.67907,30.59963],[-93.72932,30.57386],[-93.74009,30.53949],[-93.71496,30.51888],[-93.69702,30.4407],[-93.74368,30.39689],[-93.76521,30.33332],[-93.70779,30.28865],[-93.7042,30.24312],[-93.72214,30.20962],[-93.68984,30.14175],[-93.73291,30.08162],[-93.70061,30.06529],[-93.74009,30.02148],[-93.79034,29.98798],[-93.81546,29.92097],[-93.86213,29.8574],[-93.92314,29.81874],[-93.93032,29.79727],[-93.89802,29.77149],[-93.837,29.69074],[-93.837,29.67872],[-94.00211,29.68129],[-94.13491,29.64693],[-94.59434,29.46825],[-94.69484,29.41584],[-94.73073,29.36945],[-94.78457,29.37547],[-94.70561,29.43646],[-94.67331,29.47684],[-94.62665,29.47598],[-94.59434,29.4923],[-94.56563,29.53182],[-94.53332,29.51807],[-94.49384,29.52494],[-94.54768,29.57219],[-94.7415,29.5258],[-94.77022,29.54814],[-94.7092,29.62545],[-94.69484,29.69418],[-94.69484,29.75775],[-94.73791,29.76205],[-94.75586,29.7818],[-94.81688,29.75689],[-94.85277,29.72167],[-94.86713,29.67872],[-94.92097,29.6581],[-94.9425,29.69762],[-95.00711,29.65896],[-95.01429,29.62889],[-94.98199,29.6014],[-95.01788,29.55845],[-94.98199,29.5112],[-94.9102,29.4966],[-94.93174,29.45021],[-94.89225,29.43303],[-94.88507,29.36602],[-94.89225,29.30846],[-94.92097,29.28183],[-94.95327,29.29042],[-95.02147,29.22943],[-95.10043,29.17359],[-95.1112,29.19592],[-95.15786,29.18905],[-95.16504,29.11346],[-95.1435,29.09112],[-95.09684,29.12892],[-95.00352,29.18476],[-94.99275,29.20108],[-94.8779,29.28613],[-94.82406,29.30588],[-94.82406,29.34454],[-94.73073,29.33166],[-94.80252,29.27925],[-95.02506,29.14782],[-95.1112,29.08854],[-95.12556,29.06707],[-95.24041,28.98889],[-95.38399,28.86605],[-95.43783,28.85917],[-95.68549,28.73375],[-95.81111,28.66503],[-96.00134,28.58857],[-96.22029,28.49235],[-96.34233,28.41762],[-96.38899,28.38154],[-96.44283,28.31797],[-96.63306,28.22261],[-96.7192,28.16419],[-96.8879,28.03104],[-97.00276,27.90819],[-97.04224,27.83689],[-97.09249,27.78621],[-97.21094,27.59636],[-97.29708,27.42712],[-97.33656,27.31802],[-97.37245,27.15308],[-97.37963,27.0603],[-97.37604,26.97182],[-97.34733,26.79571],[-97.29708,26.61789],[-97.25401,26.50277],[-97.19658,26.30605],[-97.1571,26.08269],[-97.18222,26.12307],[-97.20017,26.24935],[-97.24324,26.41171],[-97.28272,26.54229],[-97.36887,26.55603],[-97.30426,26.57923],[-97.33656,26.65053],[-97.3581,26.72527],[-97.3904,26.80087],[-97.40117,26.89193],[-97.39758,27.01048],[-97.40117,27.11528],[-97.36169,27.35238],[-97.30426,27.50701],[-97.23606,27.63415],[-97.18581,27.69429],[-97.14992,27.76903],[-97.1212,27.79909],[-97.12838,27.83947],[-97.08172,27.91335],[-97.01711,27.94599],[-96.98481,27.98465],[-96.9202,28.09375],[-96.8197,28.14358],[-96.79099,28.18911],[-96.73356,28.19082],[-96.60794,28.28103],[-96.52538,28.32312],[-96.43924,28.34288],[-96.4536,28.37982],[-96.42129,28.40473],[-96.4536,28.41848],[-96.51102,28.38325],[-96.58281,28.35319],[-96.62229,28.31882],[-96.68331,28.31453],[-96.70485,28.34889],[-96.70485,28.40044],[-96.76945,28.41074],[-96.79099,28.38411],[-96.79099,28.31195],[-96.80894,28.29048],[-96.7874,28.25525],[-96.80176,28.22433],[-96.87354,28.17622],[-96.93456,28.12382],[-96.96328,28.12296],[-97.02788,28.14873],[-97.03865,28.18567],[-97.15351,28.13327],[-97.21453,28.07571],[-97.13915,28.05681],[-97.05301,28.10578],[-97.02429,28.04221],[-97.04942,28.02245],[-97.18581,27.83088],[-97.22888,27.82916],[-97.25042,27.87641],[-97.32579,27.86782],[-97.34015,27.88328],[-97.45501,27.87383],[-97.49449,27.88414],[-97.51603,27.8515],[-97.47296,27.82401],[-97.41912,27.82315],[-97.37963,27.83775],[-97.39399,27.78277],[-97.36887,27.74154],[-97.31503,27.71233],[-97.25401,27.69687],[-97.3222,27.57144],[-97.36887,27.41252],[-97.41194,27.32146],[-97.48372,27.29826],[-97.50885,27.27507],[-97.54833,27.29053],[-97.49808,27.30857],[-97.48731,27.35926],[-97.51603,27.36183],[-97.53756,27.3352],[-97.64165,27.27077],[-97.62729,27.24328],[-97.54115,27.22954],[-97.45142,27.26218],[-97.42271,27.2639],[-97.44065,27.16425],[-97.42988,27.16081],[-97.44424,26.98728],[-97.46578,26.80946],[-97.48013,26.80688],[-97.44424,26.6093],[-97.41553,26.55346],[-97.41194,26.4813],[-97.37963,26.48044],[-97.29708,26.29574],[-97.27913,26.27083],[-97.31144,26.23045],[-97.29708,26.20124],[-97.30067,26.14798],[-97.27195,26.08613],[-97.20017,26.07668],[-97.19658,26.04661],[-97.15351,26.06208],[-97.14633,25.95297],[-97.22888,25.95899],[-97.27554,25.95212],[-97.27554,25.93579],[-97.35092,25.92548],[-97.37245,25.84044],[-97.44424,25.84989],[-97.46937,25.88425],[-97.52321,25.88683],[-97.54474,25.93408],[-97.58422,25.93751],[-97.64883,26.0217],[-97.7601,26.03201],[-97.79958,26.06036],[-97.8606,26.05263],[-97.88572,26.06637],[-97.96828,26.05177],[-97.98263,26.06723],[-98.0293,26.06637],[-98.04006,26.04146],[-98.07596,26.06809],[-98.14774,26.05606],[-98.17646,26.07496],[-98.19799,26.05606],[-98.24824,26.07324],[-98.27696,26.09901],[-98.26619,26.12049],[-98.32362,26.12135],[-98.33439,26.15915],[-98.38823,26.15829],[-98.4636,26.22272],[-98.4959,26.21327],[-98.58564,26.2545],[-98.65383,26.23561],[-98.70049,26.26567],[-98.75433,26.32495],[-98.79023,26.33182],[-98.7974,26.36017],[-98.82612,26.37048],[-98.89073,26.35759],[-98.9661,26.39797],[-99.00917,26.39539],[-99.03789,26.41257],[-99.08096,26.39625],[-99.11326,26.43405],[-99.09173,26.477],[-99.12762,26.52511],[-99.1671,26.53628],[-99.17787,26.62046],[-99.19941,26.65654],[-99.21017,26.72441],[-99.23889,26.74589],[-99.24248,26.78798],[-99.2676,26.84296],[-99.32862,26.8799],[-99.32144,26.90653],[-99.3681,26.92887],[-99.39323,26.96065],[-99.37528,26.97783],[-99.41476,27.01735],[-99.44707,27.02336],[-99.45066,27.06803],[-99.42912,27.09466],[-99.43989,27.15136],[-99.42553,27.17628],[-99.43989,27.25015],[-99.49732,27.27163],[-99.49373,27.30342],[-99.5368,27.31287],[-99.5045,27.33864],[-99.48655,27.41252],[-99.49732,27.43915],[-99.48296,27.49069],[-99.52962,27.49928],[-99.51167,27.56457],[-99.55475,27.6144],[-99.57987,27.60237],[-99.605,27.64189],[-99.6373,27.62642],[-99.6696,27.65993],[-99.7055,27.65477],[-99.7701,27.73209],[-99.80241,27.74154],[-99.81317,27.77418],[-99.84189,27.76645],[-99.87778,27.79909],[-99.87778,27.84205],[-99.90291,27.86438],[-99.89214,27.8996],[-99.9388,27.94084],[-99.93162,27.98121],[-99.99264,27.99496],[-100.01776,28.06454],[-100.05366,28.0843],[-100.08237,28.14444],[-100.208,28.18997],[-100.22235,28.2355],[-100.24748,28.23378],[-100.29414,28.28446],[-100.28696,28.31711],[-100.34798,28.40301],[-100.33721,28.44339],[-100.36952,28.47689],[-100.33721,28.5018],[-100.38028,28.51125],[-100.41259,28.55163],[-100.39823,28.58513],[-100.44848,28.60919],[-100.44489,28.63754],[-100.49873,28.66159],[-100.51309,28.7054],[-100.50591,28.74062],[-100.53462,28.76296],[-100.54898,28.82567],[-100.57052,28.82653],[-100.60282,28.90213],[-100.63153,28.90299],[-100.65307,28.94336],[-100.64948,29.00865],[-100.67461,29.09971],[-100.73921,29.13923],[-100.77511,29.17359],[-100.76434,29.18562],[-100.79664,29.24661],[-100.8792,29.28183],[-100.88637,29.3076],[-100.94739,29.34712],[-101.012,29.3686],[-101.05866,29.44076],[-101.05866,29.4588],[-101.15198,29.47684],[-101.17352,29.51464],[-101.25607,29.52065],[-101.2453,29.56962],[-101.25248,29.62545],[-101.27043,29.62975],[-101.29196,29.57219],[-101.3135,29.59539],[-101.30632,29.64092],[-101.36734,29.66411],[-101.414,29.75689],[-101.44271,29.75345],[-101.47502,29.78094],[-101.52168,29.75947],[-101.5468,29.79727],[-101.57552,29.77407],[-101.70832,29.7629],[-101.77652,29.78954],[-101.79805,29.78266],[-101.85189,29.80156],[-101.93086,29.78954],[-101.97393,29.81015],[-102.03495,29.80414],[-102.04931,29.78524],[-102.14263,29.80328],[-102.18211,29.84623],[-102.22877,29.84366],[-102.30056,29.87802],[-102.35081,29.86256],[-102.3867,29.7672],[-102.50873,29.78352],[-102.54104,29.75174],[-102.56616,29.76119],[-102.64513,29.7337],[-102.67025,29.74229],[-102.69897,29.6959],[-102.69179,29.67614],[-102.73845,29.64178],[-102.73845,29.59882],[-102.76357,29.59882],[-102.77075,29.54814],[-102.81024,29.52237],[-102.80665,29.49402],[-102.83177,29.44419],[-102.82459,29.39952],[-102.84254,29.35829],[-102.87843,29.35399],[-102.8892,29.29214],[-102.90715,29.26035],[-102.87125,29.24145],[-102.8892,29.20881],[-102.95381,29.17617],[-102.9897,29.18304],[-103.01483,29.12548],[-103.07584,29.08854],[-103.10097,29.05762],[-103.11533,28.98546],[-103.16558,28.97858],[-103.22659,28.99147],[-103.28043,28.98202],[-103.33068,29.02154],[-103.42759,29.04215],[-103.5245,29.13751],[-103.61065,29.16586],[-103.64654,29.15899],[-103.72551,29.19163],[-103.79011,29.25778],[-103.83677,29.27839],[-103.97676,29.29643],[-104.03777,29.32049],[-104.10597,29.37289],[-104.14545,29.3832],[-104.21365,29.45278],[-104.21365,29.4734],[-104.2639,29.51378],[-104.33927,29.51979],[-104.38235,29.54298],[-104.40029,29.57219],[-104.50797,29.6392],[-104.54028,29.67614],[-104.5654,29.77064],[-104.60847,29.81874],[-104.6336,29.87029],[-104.68026,29.92441],[-104.68026,29.97509],[-104.70538,30.02406],[-104.68385,30.08591],[-104.69461,30.1323],[-104.68744,30.17955],[-104.71256,30.23796],[-104.75204,30.26374],[-104.76281,30.30153],[-104.80947,30.33504],[-104.81306,30.36081],[-104.85972,30.39002],[-104.85254,30.41837],[-104.8992,30.57042],[-104.92433,30.60478],[-104.9674,30.60822],[-105.00688,30.68639],[-105.06072,30.68639],[-105.11097,30.74309],[-105.15404,30.75168],[-105.16481,30.7723],[-105.21865,30.80151],[-105.26172,30.79807],[-105.28685,30.82212],[-105.39812,30.85563],[-105.39812,30.88913],[-105.55605,30.9905],[-105.60271,31.08242],[-105.64578,31.11421],[-105.71038,31.13654],[-105.74269,31.16489],[-105.77499,31.16661],[-105.78217,31.19753],[-105.86831,31.28859],[-105.9401,31.31866],[-105.95446,31.36505],[-106.00471,31.39254],[-106.08008,31.39855],[-106.20571,31.46556],[-106.24519,31.54116],[-106.28108,31.56178],[-106.30262,31.62019],[-106.34928,31.69665],[-106.38158,31.73187],[-106.44978,31.76451],[-106.48926,31.74819],[-106.52874,31.78341],[-106.54669,31.80747],[-106.60412,31.82465],[-106.60053,31.84441],[-106.63642,31.86588],[-106.64719,31.89853],[-106.62207,31.91399],[-106.61848,32.00075],[-105.43042,32.00075],[-104.5331,31.9999],[-103.72192,31.9999],[-103.06508,32.00075],[-103.06508,33.04194],[-103.0579,33.26014],[-103.0579,33.38814],[-103.05072,33.74636],[-103.04354,33.94567],[-103.04354,35.24972],[-103.03995,35.62255],[-103.03995,36.31753],[-103.04354,36.50051],[-103.00406,36.50051]]]}},{"type":"Feature","id":"UT","properties":{"abbr":"UT","name":"Utah","fips":"49"},"geometry":{"type":"Polygon","coordinates":[[[-114.04114,41.99334],[-113.82219,41.98818],[-112.88179,41.99935],[-112.19265,42.00107],[-112.1747,41.99677],[-111.4712,41.99935],[-111.04767,42.00193],[-111.04408,41.56553],[-111.04767,41.37739],[-111.04767,40.99769],[-110.71386,40.99597],[-110.23648,40.99511],[-110.04984,40.99769],[-109.53657,40.99855],[-109.04843,41.00026],[-109.04843,40.53981],[-109.05202,40.50029],[-109.05202,38.90502],[-109.0592,38.71946],[-109.0592,38.27533],[-109.04125,38.16451],[-109.04125,37.53052],[-109.04484,37.4996],[-109.04484,36.99876],[-109.6263,36.9979],[-110.46979,36.9979],[-110.49132,37.00392],[-111.06561,37.0022],[-111.41377,37.00134],[-112.53722,37.00048],[-113.33405,37.00048],[-114.0519,37.00048],[-114.0519,37.75645],[-114.04831,37.7659],[-114.0519,37.99957],[-114.04831,38.14819],[-114.0519,38.40419],[-114.04831,38.67737],[-114.04831,40.10426],[-114.04473,40.23226],[-114.04473,40.77175],[-114.04114,41.00026],[-114.04114,41.99334]]]}},{"type":"Feature","id":"VA","properties":{"abbr":"VA","name":"Virginia","fips":"51"},"geometry":{"type":"MultiPolygon","coordinates":[[[[-75.99821,37.84837],[-75.97308,37.83549],[-75.99821,37.81229],[-75.99821,37.84837]]],[[[-75.66799,37.9506],[-75.64646,37.94717],[-75.62492,37.99441],[-75.24087,38.02706],[-75.2983,37.95919],[-75.35214,37.875],[-75.38085,37.85181],[-75.3988,37.86985],[-75.45264,37.86384],[-75.52083,37.79683],[-75.5639,37.7367],[-75.60339,37.62845],[-75.5998,37.57347],[-75.68235,37.46352],[-75.65723,37.45149],[-75.72183,37.37331],[-75.76491,37.30545],[-75.79721,37.296],[-75.79362,37.24703],[-75.8331,37.17315],[-75.89771,37.11817],[-75.95514,37.11989],[-75.94078,37.08982],[-75.97308,37.08553],[-75.97667,37.15769],[-76.01257,37.20494],[-76.02692,37.25734],[-76.01974,37.31748],[-75.98744,37.36816],[-75.97667,37.44462],[-75.94078,37.53482],[-75.92642,37.60011],[-75.86899,37.66797],[-75.80439,37.76247],[-75.81874,37.79168],[-75.74337,37.80628],[-75.68953,37.86212],[-75.68594,37.88617],[-75.75773,37.90421],[-75.66799,37.9506]]],[[[-75.99462,37.95318],[-76.0341,37.91538],[-76.04487,37.95318],[-75.99462,37.95318]]],[[[-81.96721,37.53739],[-81.92772,37.51248],[-81.99233,37.48327],[-81.98874,37.45492],[-81.9349,37.43603],[-81.92772,37.35871],[-81.87747,37.33208],[-81.85235,37.28741],[-81.78774,37.28483],[-81.74467,37.26335],[-81.74467,37.24274],[-81.67647,37.2015],[-81.55444,37.20752],[-81.50778,37.23243],[-81.5006,37.2582],[-81.41804,37.2728],[-81.38933,37.32005],[-81.36061,37.33809],[-81.32113,37.29943],[-81.22422,37.23501],[-81.11295,37.27882],[-80.98015,37.30201],[-80.91913,37.30631],[-80.85093,37.34668],[-80.88324,37.38362],[-80.85811,37.42743],[-80.78274,37.39479],[-80.76838,37.37245],[-80.62122,37.43345],[-80.55302,37.47382],[-80.50995,37.48156],[-80.47406,37.42314],[-80.29818,37.50819],[-80.28383,37.5331],[-80.33049,37.53654],[-80.3269,37.56403],[-80.26229,37.59323],[-80.21922,37.6276],[-80.28024,37.6568],[-80.29459,37.69203],[-80.25152,37.72553],[-80.2587,37.75645],[-80.18333,37.85267],[-80.07565,37.94201],[-80.01104,37.98582],[-79.97515,38.02964],[-79.95361,38.08118],[-79.9249,38.10695],[-79.94643,38.13186],[-79.92131,38.17997],[-79.83158,38.24955],[-79.7885,38.2676],[-79.81004,38.30539],[-79.73107,38.38013],[-79.688,38.43168],[-79.69877,38.48751],[-79.64852,38.59146],[-79.53725,38.55108],[-79.47624,38.45745],[-79.31113,38.41192],[-79.21063,38.49267],[-79.15679,38.61122],[-79.1209,38.66019],[-79.09218,38.65933],[-79.08859,38.72032],[-79.02757,38.79076],[-78.99527,38.85004],[-78.86964,38.76327],[-78.79786,38.87495],[-78.7153,38.93594],[-78.7153,38.90502],[-78.67941,38.92563],[-78.62557,38.98233],[-78.60045,38.96429],[-78.5502,39.01841],[-78.57173,39.03216],[-78.48559,39.10776],[-78.46046,39.11377],[-78.40304,39.16703],[-78.43893,39.19796],[-78.39945,39.24435],[-78.42098,39.25723],[-78.33843,39.34829],[-78.36355,39.35774],[-78.34202,39.38867],[-78.35996,39.41272],[-78.34561,39.46598],[-78.10871,39.31221],[-77.82875,39.13267],[-77.75337,39.283],[-77.72107,39.32166],[-77.67441,39.32424],[-77.61698,39.30276],[-77.56314,39.30362],[-77.54161,39.26496],[-77.45905,39.22802],[-77.48418,39.18593],[-77.51648,39.17047],[-77.52007,39.12064],[-77.48418,39.10947],[-77.46264,39.07597],[-77.34061,39.06308],[-77.24728,39.027],[-77.25087,38.98577],[-77.22216,38.97117],[-77.15037,38.96601],[-77.11807,38.93423],[-77.0391,38.87151],[-77.0391,38.79162],[-77.04269,38.7186],[-77.1073,38.69712],[-77.13243,38.67393],[-77.12884,38.63527],[-77.20062,38.61723],[-77.24728,38.63527],[-77.24728,38.5906],[-77.31189,38.49353],[-77.32625,38.44886],[-77.31907,38.38357],[-77.26523,38.33288],[-77.16114,38.34577],[-77.1396,38.36811],[-77.08577,38.36811],[-77.04269,38.40075],[-77.01039,38.37498],[-77.03193,38.31141],[-76.96373,38.25643],[-76.96373,38.21433],[-76.8381,38.16365],[-76.74837,38.16193],[-76.72325,38.13788],[-76.70171,38.15592],[-76.61557,38.14819],[-76.60121,38.11039],[-76.54378,38.07688],[-76.51507,38.0262],[-76.46841,38.01331],[-76.41457,37.96692],[-76.34278,37.94717],[-76.2351,37.88875],[-76.25305,37.83291],[-76.30689,37.81229],[-76.31407,37.72037],[-76.29971,37.69546],[-76.33919,37.65594],[-76.29253,37.63619],[-76.36073,37.61041],[-76.472,37.66539],[-76.51148,37.6422],[-76.5366,37.66368],[-76.5366,37.6989],[-76.58326,37.76848],[-76.65146,37.79597],[-76.68018,37.82604],[-76.72325,37.83635],[-76.79862,37.92483],[-76.8381,37.93428],[-76.85246,37.97294],[-76.89912,37.99871],[-76.9063,37.97294],[-76.8058,37.89648],[-76.73401,37.79855],[-76.68018,37.77793],[-76.67659,37.75645],[-76.61916,37.74443],[-76.58326,37.66196],[-76.54378,37.61643],[-76.4361,37.61299],[-76.41098,37.58207],[-76.29971,37.56145],[-76.34996,37.53654],[-76.35355,37.50475],[-76.30689,37.49788],[-76.29253,37.51678],[-76.26382,37.48156],[-76.24587,37.38706],[-76.27458,37.30974],[-76.33919,37.36386],[-76.41457,37.40252],[-76.44687,37.36644],[-76.40739,37.33294],[-76.38226,37.28569],[-76.34996,37.27366],[-76.42892,37.25305],[-76.49353,37.24961],[-76.472,37.21611],[-76.39303,37.22556],[-76.40021,37.16027],[-76.34996,37.17058],[-76.3356,37.14395],[-76.29253,37.12676],[-76.271,37.08467],[-76.3033,37.00134],[-76.31766,37.01423],[-76.37509,36.99876],[-76.42892,36.96956],[-76.46482,37.02797],[-76.56891,37.08037],[-76.61916,37.11903],[-76.6048,37.16027],[-76.65146,37.22126],[-76.73043,37.21353],[-76.75914,37.19205],[-76.79503,37.23157],[-76.85964,37.24102],[-76.874,37.26078],[-76.94937,37.23071],[-76.90989,37.20236],[-76.86682,37.20923],[-76.80221,37.19807],[-76.74837,37.15082],[-76.71607,37.1491],[-76.68735,37.19892],[-76.65864,37.0967],[-76.65505,37.03914],[-76.57609,37.02282],[-76.48635,36.95237],[-76.48276,36.89654],[-76.38585,36.89997],[-76.35355,36.92317],[-76.34996,36.89482],[-76.31766,36.88537],[-76.32842,36.95925],[-76.26741,36.9644],[-76.22075,36.93949],[-76.09512,36.90856],[-76.0341,36.93176],[-75.99462,36.92231],[-75.96591,36.81235],[-75.92283,36.69208],[-75.89053,36.63109],[-75.86541,36.55033],[-76.37509,36.55033],[-76.8058,36.55033],[-76.91707,36.55205],[-76.91707,36.54346],[-77.29753,36.54432],[-78.24511,36.54432],[-78.51072,36.54089],[-79.51213,36.54089],[-80.12231,36.5426],[-80.29459,36.54432],[-80.70377,36.56236],[-80.83658,36.55893],[-81.17756,36.57181],[-81.37497,36.57439],[-81.67647,36.58813],[-81.64776,36.61219],[-81.92413,36.61648],[-81.9349,36.59415],[-82.47688,36.59586],[-82.69583,36.59329],[-83.25935,36.59415],[-83.2773,36.59844],[-83.55726,36.59758],[-83.67571,36.60102],[-83.64699,36.62421],[-83.52855,36.66631],[-83.45317,36.66459],[-83.31319,36.70926],[-83.19474,36.73933],[-83.13731,36.74276],[-83.13014,36.78572],[-83.07271,36.85444],[-82.96862,36.85788],[-82.87889,36.8888],[-82.85735,36.92746],[-82.86812,36.97815],[-82.82505,37.0065],[-82.78197,37.00821],[-82.72455,37.04172],[-82.72455,37.1156],[-82.63481,37.15425],[-82.56662,37.19635],[-82.48765,37.23157],[-82.35485,37.26507],[-81.96721,37.53739]]]]}},{"type":"Feature","id":"VT","properties":{"abbr":"VT","name":"Vermont","fips":"50"},"geometry":{"type":"Polygon","coordinates":[[[-73.34213,45.01121],[-73.08729,45.01551],[-72.67452,45.01551],[-72.53095,45.00778],[-72.30842,45.00348],[-72.10383,45.0052],[-71.50082,45.01379],[-71.54031,44.98802],[-71.49365,44.91156],[-71.55825,44.84713],[-71.57261,44.79215],[-71.62645,44.74748],[-71.58697,44.65986],[-71.55107,44.62721],[-71.55825,44.5645],[-71.59773,44.55333],[-71.5762,44.50265],[-71.63363,44.48375],[-71.65875,44.44509],[-71.709,44.41159],[-71.79515,44.39956],[-71.81309,44.35489],[-71.87052,44.33685],[-71.90641,44.34802],[-72.03204,44.32053],[-72.06793,44.26813],[-72.0464,44.23892],[-72.06793,44.18995],[-72.03204,44.13154],[-72.03204,44.09116],[-72.07511,44.03189],[-72.11818,43.99409],[-72.11818,43.92107],[-72.18638,43.86351],[-72.18279,43.80853],[-72.20433,43.77073],[-72.27252,43.73379],[-72.30483,43.69599],[-72.32636,43.60236],[-72.3802,43.57401],[-72.39815,43.51044],[-72.3802,43.48037],[-72.41609,43.3644],[-72.39456,43.31285],[-72.43763,43.25787],[-72.45199,43.13932],[-72.43404,43.08348],[-72.46634,43.05513],[-72.44481,43.01046],[-72.47352,42.97181],[-72.52018,42.96322],[-72.52377,42.91425],[-72.55608,42.85154],[-72.513,42.76391],[-72.49147,42.7725],[-72.45917,42.72697],[-73.26317,42.74587],[-73.29188,42.80171],[-73.27752,42.8335],[-73.27752,42.89707],[-73.25599,43.25959],[-73.24881,43.55425],[-73.29547,43.57916],[-73.30265,43.62469],[-73.37085,43.62469],[-73.39597,43.56799],[-73.43186,43.59033],[-73.40674,43.68826],[-73.34931,43.77159],[-73.39238,43.82056],[-73.37444,43.87554],[-73.41033,43.93309],[-73.40674,44.02158],[-73.43904,44.04477],[-73.41033,44.11264],[-73.39238,44.18909],[-73.32419,44.24321],[-73.30983,44.27414],[-73.33495,44.37207],[-73.29188,44.4408],[-73.30624,44.50007],[-73.37444,44.57567],[-73.38879,44.6358],[-73.37444,44.66244],[-73.36726,44.74147],[-73.33136,44.78872],[-73.37802,44.83768],[-73.36367,44.8918],[-73.33854,44.91758],[-73.34213,45.01121]]]}},{"type":"Feature","id":"WA","properties":{"abbr":"WA","name":"Washington","fips":"53"},"geometry":{"type":"MultiPolygon","coordinates":[[[[-122.52623,47.35902],[-122.51187,47.44923],[-122.47598,47.51108],[-122.43291,47.46641],[-122.44008,47.41658],[-122.37189,47.38909],[-122.43649,47.3659],[-122.45444,47.34356],[-122.51905,47.33325],[-122.52623,47.35902]]],[[[-122.65185,48.54882],[-122.65185,48.58318],[-122.58007,48.54796],[-122.64108,48.52563],[-122.65185,48.54882]]],[[[-122.72364,48.7318],[-122.7021,48.74383],[-122.60878,48.64504],[-122.67339,48.68112],[-122.72364,48.7318]]],[[[-122.74158,48.58404],[-122.71287,48.60896],[-122.6698,48.56858],[-122.72364,48.54023],[-122.74158,48.58404]]],[[[-122.7703,48.22753],[-122.72364,48.30399],[-122.67339,48.35467],[-122.66621,48.40192],[-122.60878,48.41137],[-122.58366,48.39505],[-122.58366,48.35296],[-122.51546,48.32031],[-122.50469,48.29798],[-122.55853,48.28165],[-122.61955,48.29454],[-122.62314,48.26963],[-122.6698,48.24042],[-122.72005,48.23441],[-122.70928,48.21379],[-122.62673,48.22238],[-122.58725,48.1863],[-122.55853,48.11414],[-122.57289,48.10211],[-122.537,48.0162],[-122.50828,48.0394],[-122.52623,48.09696],[-122.49033,48.09438],[-122.43291,48.04541],[-122.37548,48.03424],[-122.35035,47.95349],[-122.37907,47.90367],[-122.42932,47.91484],[-122.47239,47.98871],[-122.54776,47.96724],[-122.54058,47.99301],[-122.60878,48.03081],[-122.59801,48.1107],[-122.61596,48.15881],[-122.68057,48.15537],[-122.69133,48.18114],[-122.7703,48.22753]]],[[[-122.97848,48.79365],[-122.939,48.79022],[-122.81696,48.74469],[-122.84567,48.73781],[-122.92464,48.755],[-122.97848,48.79365]]],[[[-123.0718,48.70002],[-123.01078,48.72235],[-123.0036,48.694],[-123.0718,48.70002]]],[[[-123.08975,49.00241],[-123.03591,49.00241],[-123.02155,48.97749],[-123.08257,48.97577],[-123.08975,49.00241]]],[[[-123.2046,48.59607],[-123.17948,48.62184],[-123.10769,48.6227],[-123.10051,48.59779],[-123.04667,48.56944],[-122.98566,48.56171],[-123.05026,48.62098],[-122.91746,48.71376],[-122.87439,48.71204],[-122.74158,48.66222],[-122.80978,48.61926],[-122.7703,48.56257],[-122.77748,48.5093],[-122.81696,48.48783],[-122.8026,48.42855],[-122.87439,48.41824],[-122.92823,48.4612],[-122.96053,48.45089],[-123.0395,48.46034],[-123.15076,48.5136],[-123.1723,48.57889],[-123.2046,48.59607]]],[[[-123.23691,48.68885],[-123.1723,48.68026],[-123.10769,48.63387],[-123.21537,48.66909],[-123.23691,48.68885]]],[[[-117.03102,48.99897],[-117.03461,48.74984],[-117.03461,48.371],[-117.04179,48.12531],[-117.04179,47.52225],[-117.0382,47.47757],[-117.0382,46.40633],[-117.06332,46.36509],[-116.99154,46.2998],[-116.96282,46.25341],[-116.96282,46.19929],[-116.91975,46.16493],[-116.98077,46.08504],[-116.95564,46.07559],[-116.91616,45.9957],[-117.5048,45.99827],[-118.40213,46.00085],[-118.98718,45.99999],[-119.02667,45.96907],[-119.12717,45.93298],[-119.19536,45.92783],[-119.25638,45.93986],[-119.4861,45.90635],[-119.57224,45.92525],[-119.62249,45.90549],[-119.66915,45.85653],[-119.80195,45.84794],[-119.96706,45.82474],[-120.07115,45.78523],[-120.17165,45.76203],[-120.21113,45.72595],[-120.28292,45.72166],[-120.40495,45.69932],[-120.48392,45.69417],[-120.55929,45.73798],[-120.63467,45.74571],[-120.68851,45.71564],[-120.85721,45.67183],[-120.89669,45.64262],[-120.94335,45.65637],[-121.06538,45.65293],[-121.13358,45.60998],[-121.18383,45.60654],[-121.21613,45.67097],[-121.33817,45.70533],[-121.40278,45.69331],[-121.4638,45.70104],[-121.53199,45.72681],[-121.63249,45.70447],[-121.73658,45.69417],[-121.81196,45.70705],[-121.8658,45.69331],[-121.90887,45.65465],[-122.10269,45.58335],[-122.18524,45.57733],[-122.2678,45.54383],[-122.33241,45.54813],[-122.37907,45.57562],[-122.44008,45.56359],[-122.47957,45.57991],[-122.64467,45.60998],[-122.76312,45.65637],[-122.77389,45.69932],[-122.75953,45.73454],[-122.79542,45.81014],[-122.78466,45.8677],[-122.80978,45.91237],[-122.81337,45.96133],[-122.87798,46.03092],[-122.9031,46.08332],[-123.11487,46.18555],[-123.16512,46.18898],[-123.27998,46.14517],[-123.36971,46.14603],[-123.43073,46.18211],[-123.42714,46.22936],[-123.4738,46.26802],[-123.54918,46.25943],[-123.67121,46.26716],[-123.68198,46.29637],[-123.72505,46.30152],[-123.76094,46.27489],[-123.80761,46.28348],[-123.8758,46.23967],[-123.90811,46.24568],[-123.98348,46.30925],[-124.01937,46.31613],[-124.0445,46.27575],[-124.08039,46.26716],[-124.05886,46.38657],[-124.05527,46.49309],[-124.06962,46.63484],[-124.02296,46.58243],[-124.03014,46.49653],[-124.01578,46.37884],[-123.95477,46.37884],[-123.95118,46.41062],[-123.98707,46.44498],[-123.98707,46.49739],[-123.944,46.4656],[-123.89375,46.5369],[-123.96194,46.63655],[-123.92246,46.67264],[-123.83273,46.71817],[-123.89375,46.74995],[-123.91528,46.72676],[-123.97989,46.72504],[-123.96553,46.70528],[-124.02296,46.70872],[-124.09475,46.74651],[-124.09834,46.79376],[-124.13782,46.90544],[-124.10911,46.91231],[-124.08757,46.86764],[-124.04809,46.89427],[-123.86144,46.94839],[-123.89734,46.97159],[-124.01937,46.99135],[-124.02655,47.03],[-124.12346,47.04203],[-124.15218,47.02141],[-124.12346,46.9441],[-124.18089,46.92606],[-124.17012,46.9587],[-124.18448,47.13567],[-124.23473,47.28686],[-124.32087,47.35559],[-124.35318,47.53341],[-124.37112,47.59956],[-124.42496,47.73873],[-124.47521,47.76965],[-124.48957,47.8169],[-124.53982,47.83666],[-124.55777,47.86329],[-124.62596,47.8882],[-124.66904,47.9827],[-124.69775,48.06947],[-124.69416,48.115],[-124.73364,48.1631],[-124.69057,48.21293],[-124.65827,48.33148],[-124.72646,48.371],[-124.7157,48.3899],[-124.65468,48.39075],[-124.51111,48.34351],[-124.39625,48.28853],[-124.36036,48.28767],[-124.27062,48.25416],[-124.24909,48.26447],[-124.10193,48.21722],[-124.10552,48.20004],[-123.97989,48.16482],[-123.77889,48.15537],[-123.70352,48.16654],[-123.59225,48.13475],[-123.55994,48.15108],[-123.52405,48.13561],[-123.43791,48.14163],[-123.39484,48.11414],[-123.24768,48.11586],[-123.13282,48.17685],[-123.14359,48.15623],[-123.06462,48.12015],[-123.0395,48.08149],[-122.97848,48.0961],[-122.91746,48.0918],[-122.92823,48.06431],[-122.87798,48.04713],[-122.87439,47.99645],[-122.8385,48.0016],[-122.82773,48.04713],[-122.87798,48.07634],[-122.87798,48.1107],[-122.83491,48.13475],[-122.75953,48.14335],[-122.74876,48.11671],[-122.8026,48.08751],[-122.76671,48.04455],[-122.74158,48.04971],[-122.73441,48.09094],[-122.69851,48.10297],[-122.6698,48.01706],[-122.72364,48.00847],[-122.68416,47.97239],[-122.65544,47.90539],[-122.60878,47.88735],[-122.6375,47.86587],[-122.69492,47.86759],[-122.68775,47.83151],[-122.74876,47.80058],[-122.78107,47.70351],[-122.83132,47.69578],[-122.79184,47.79285],[-122.81337,47.80745],[-122.88157,47.72069],[-122.89592,47.67516],[-122.9713,47.61502],[-123.10769,47.45782],[-123.15435,47.35559],[-123.11128,47.36246],[-123.02873,47.35129],[-122.98566,47.37449],[-122.91028,47.38909],[-122.89951,47.42174],[-123.05744,47.36847],[-123.11846,47.39167],[-122.96771,47.58582],[-122.85644,47.64939],[-122.75235,47.67344],[-122.74158,47.73615],[-122.68416,47.79886],[-122.57289,47.85728],[-122.60519,47.94061],[-122.52623,47.90624],[-122.47598,47.7456],[-122.55494,47.7456],[-122.54417,47.71124],[-122.50469,47.69921],[-122.51905,47.6511],[-122.49392,47.63478],[-122.49392,47.58925],[-122.54417,47.55661],[-122.54776,47.52396],[-122.49392,47.51022],[-122.52982,47.46898],[-122.55135,47.39425],[-122.537,47.37621],[-122.57289,47.32724],[-122.54776,47.28514],[-122.6016,47.21728],[-122.69851,47.28429],[-122.6698,47.36676],[-122.72723,47.33067],[-122.74876,47.27655],[-122.64108,47.20525],[-122.67698,47.19151],[-122.67339,47.15027],[-122.71287,47.12794],[-122.7703,47.16745],[-122.84209,47.25765],[-122.79901,47.28944],[-122.79542,47.34184],[-122.82055,47.36332],[-122.82055,47.31951],[-122.86362,47.27054],[-122.8385,47.20869],[-122.86003,47.16745],[-122.81337,47.17948],[-122.77389,47.12278],[-122.67698,47.10388],[-122.6375,47.13567],[-122.6375,47.16402],[-122.59083,47.17776],[-122.56212,47.24563],[-122.52623,47.29116],[-122.53341,47.31693],[-122.44367,47.2671],[-122.40778,47.28858],[-122.42214,47.31951],[-122.32523,47.34872],[-122.32523,47.39167],[-122.35394,47.44149],[-122.38266,47.45094],[-122.36112,47.48101],[-122.39701,47.51537],[-122.42214,47.57637],[-122.34317,47.60901],[-122.42932,47.65884],[-122.37189,47.72928],[-122.39342,47.80745],[-122.33958,47.84697],[-122.30728,47.9492],[-122.22832,47.97067],[-122.23191,48.02995],[-122.28216,48.04971],[-122.36471,48.12359],[-122.36112,48.18716],[-122.39701,48.22925],[-122.45085,48.23269],[-122.44008,48.21207],[-122.47957,48.18802],[-122.44367,48.13046],[-122.37907,48.08751],[-122.37548,48.05744],[-122.4688,48.13046],[-122.51187,48.1339],[-122.537,48.18372],[-122.52982,48.24987],[-122.46521,48.27049],[-122.40778,48.25159],[-122.37189,48.28767],[-122.40778,48.32633],[-122.50828,48.36498],[-122.55494,48.40622],[-122.55135,48.43972],[-122.65544,48.41137],[-122.68057,48.43972],[-122.66621,48.47838],[-122.71287,48.46377],[-122.7021,48.49728],[-122.61596,48.52133],[-122.5693,48.50845],[-122.537,48.46635],[-122.4688,48.47237],[-122.50469,48.56514],[-122.44367,48.5703],[-122.42573,48.59951],[-122.5011,48.6562],[-122.51905,48.7129],[-122.49033,48.7507],[-122.537,48.77647],[-122.59801,48.77132],[-122.6375,48.7361],[-122.60519,48.6983],[-122.67339,48.73266],[-122.64467,48.78163],[-122.68057,48.8031],[-122.71287,48.79108],[-122.71646,48.84692],[-122.79184,48.8933],[-122.75235,48.91134],[-122.7703,48.94227],[-122.81696,48.95602],[-122.75953,49.00241],[-122.0991,49.00241],[-121.75094,48.99725],[-121.23049,49.00155],[-120.71722,48.99983],[-120.03526,48.99983],[-119.42867,48.99983],[-118.83643,49.00069],[-118.19754,49.00069],[-117.03102,48.99897]]]]}},{"type":"Feature","id":"WI","properties":{"abbr":"WI","name":"Wisconsin","fips":"55"},"geometry":{"type":"MultiPolygon","coordinates":[[[[-86.95632,45.35226],[-86.93479,45.42099],[-86.82352,45.40638],[-86.90607,45.29642],[-86.95632,45.35226]]],[[[-87.37627,45.19935],[-87.3332,45.21137],[-87.32602,45.15725],[-87.37627,45.17701],[-87.37627,45.19935]]],[[[-90.46665,47.00251],[-90.43794,47.07382],[-90.39487,47.07725],[-90.41281,47.01282],[-90.46665,47.00251]]],[[[-90.52408,46.87623],[-90.44871,46.90458],[-90.49896,46.86421],[-90.52408,46.87623]]],[[[-90.6533,46.9252],[-90.63535,46.94324],[-90.52767,46.96815],[-90.50972,46.95698],[-90.54921,46.91575],[-90.63535,46.9063],[-90.6533,46.9252]]],[[[-90.76098,46.83929],[-90.75021,46.86249],[-90.67842,46.89771],[-90.67483,46.88139],[-90.76098,46.83929]]],[[[-90.73944,46.96386],[-90.68919,46.91747],[-90.73585,46.91489],[-90.76456,46.94668],[-90.73944,46.96386]]],[[[-90.77533,47.02399],[-90.64971,47.05492],[-90.61023,47.00767],[-90.55997,47.03688],[-90.5528,46.99908],[-90.61023,46.99135],[-90.67124,46.94925],[-90.71073,46.98533],[-90.76815,47.00251],[-90.77533,47.02399]]],[[[-90.79328,46.78517],[-90.73226,46.80064],[-90.6174,46.87451],[-90.56715,46.84702],[-90.67483,46.81868],[-90.65689,46.78861],[-90.7179,46.78517],[-90.78969,46.75339],[-90.79328,46.78517]]],[[[-90.98351,46.98619],[-90.92967,47.0008],[-90.93326,46.963],[-90.98351,46.98619]]],[[[-92.01364,46.70614],[-91.94185,46.68037],[-91.81982,46.68982],[-91.64394,46.73449],[-91.57575,46.75768],[-91.51114,46.75768],[-91.33885,46.81782],[-91.24912,46.84101],[-91.22758,46.86335],[-91.16657,46.84445],[-91.14144,46.8728],[-91.05171,46.88139],[-90.97274,46.94152],[-90.92249,46.93121],[-90.87224,46.96128],[-90.83635,46.95784],[-90.75021,46.88826],[-90.80046,46.82297],[-90.8866,46.75596],[-90.8543,46.69325],[-90.91173,46.66319],[-90.95121,46.59704],[-90.90455,46.58329],[-90.7538,46.646],[-90.73585,46.69239],[-90.5851,46.59962],[-90.53844,46.58072],[-90.50614,46.58931],[-90.4164,46.56611],[-90.39487,46.53261],[-90.3518,46.53776],[-90.3518,46.53776],[-90.3159,46.51715],[-90.21899,46.5034],[-90.11849,46.35994],[-90.12208,46.33674],[-89.09195,46.1383],[-88.78327,46.01631],[-88.7402,46.02748],[-88.67918,46.01374],[-88.66483,45.98882],[-88.61458,45.98882],[-88.60381,46.01631],[-88.5069,46.01803],[-88.49972,45.99656],[-88.42435,45.97851],[-88.38127,45.9914],[-88.29513,45.95103],[-88.24488,45.96305],[-88.10131,45.92182],[-88.10131,45.88144],[-88.07618,45.8634],[-88.1372,45.81873],[-88.07259,45.78007],[-87.99722,45.79554],[-87.96492,45.7586],[-87.87877,45.75516],[-87.85724,45.72681],[-87.81058,45.71135],[-87.78186,45.67355],[-87.82493,45.66238],[-87.77468,45.59795],[-87.8034,45.53868],[-87.79263,45.4983],[-87.81417,45.46394],[-87.86083,45.43473],[-87.85006,45.40209],[-87.87518,45.38147],[-87.85006,45.34109],[-87.85006,45.34109],[-87.75315,45.34968],[-87.69572,45.39006],[-87.65624,45.36858],[-87.64906,45.33937],[-87.68854,45.29814],[-87.74238,45.19677],[-87.7352,45.17186],[-87.68854,45.1478],[-87.65983,45.10743],[-87.59163,45.0954],[-87.62752,45.04558],[-87.63111,44.97685],[-87.76391,44.96568],[-87.83929,44.93132],[-87.82852,44.89095],[-87.868,44.84026],[-87.90031,44.82737],[-87.93979,44.75607],[-87.98286,44.71999],[-88.00799,44.63065],[-87.99722,44.60917],[-88.04388,44.56622],[-87.97209,44.53014],[-87.92902,44.53615],[-87.9039,44.58168],[-87.81058,44.63666],[-87.77468,44.63924],[-87.72084,44.69336],[-87.72084,44.72429],[-87.60958,44.83854],[-87.51625,44.86947],[-87.47677,44.86346],[-87.43729,44.89266],[-87.38345,44.86517],[-87.40499,44.90469],[-87.36191,44.98802],[-87.265,45.08166],[-87.23988,45.16756],[-87.19681,45.16327],[-87.12143,45.19076],[-87.11784,45.24144],[-87.05682,45.29299],[-86.97786,45.29041],[-86.98504,45.21567],[-87.04247,45.21137],[-87.04965,45.08939],[-87.09272,45.05503],[-87.12143,45.05846],[-87.13938,45.01293],[-87.18963,44.96826],[-87.17168,44.93132],[-87.21834,44.89782],[-87.20399,44.87548],[-87.26859,44.84713],[-87.31525,44.79387],[-87.34397,44.71913],[-87.40499,44.62721],[-87.43729,44.60488],[-87.46959,44.55162],[-87.54497,44.32139],[-87.51266,44.24064],[-87.51984,44.17964],[-87.56291,44.14442],[-87.64547,44.10491],[-87.65624,44.05164],[-87.68495,44.01986],[-87.7352,43.88069],[-87.72802,43.81025],[-87.69931,43.7673],[-87.70649,43.67967],[-87.78186,43.5783],[-87.80699,43.46147],[-87.87877,43.36955],[-87.91108,43.23554],[-87.88236,43.17025],[-87.90031,43.1376],[-87.87159,43.06458],[-87.89672,43.01562],[-87.84647,42.96236],[-87.84647,42.88934],[-87.82493,42.83522],[-87.7675,42.78453],[-87.78186,42.70807],[-87.82134,42.61616],[-87.79981,42.49159],[-88.09413,42.49589],[-88.6397,42.49503],[-88.78686,42.49159],[-89.48319,42.50104],[-89.66624,42.50534],[-90.48101,42.50705],[-90.64253,42.50877],[-90.64253,42.54056],[-90.70714,42.6342],[-90.76815,42.65138],[-90.93685,42.68316],[-91.0553,42.73814],[-91.10196,42.88332],[-91.14503,42.9048],[-91.14503,42.96322],[-91.17374,43.03881],[-91.17733,43.13159],[-91.14503,43.15221],[-91.12349,43.19688],[-91.05889,43.24842],[-91.10555,43.31371],[-91.20246,43.34893],[-91.19887,43.4125],[-91.23476,43.45546],[-91.21682,43.50013],[-91.24553,43.54566],[-91.23117,43.58346],[-91.26707,43.61524],[-91.27424,43.67623],[-91.24553,43.77331],[-91.27783,43.83774],[-91.38551,43.95457],[-91.43935,44.00182],[-91.57933,44.02673],[-91.70855,44.10405],[-91.71932,44.12896],[-91.81623,44.16418],[-91.87725,44.20284],[-91.89519,44.275],[-91.92391,44.28789],[-91.92391,44.33342],[-91.97416,44.36778],[-92.05312,44.40128],[-92.23259,44.44509],[-92.28284,44.47774],[-92.31873,44.54474],[-92.3618,44.55935],[-92.54127,44.56708],[-92.57357,44.60488],[-92.62382,44.61862],[-92.62023,44.63924],[-92.7315,44.71398],[-92.78893,44.73717],[-92.80687,44.7681],[-92.7638,44.83682],[-92.77457,44.90125],[-92.74944,44.93733],[-92.77098,44.97256],[-92.7638,45.02839],[-92.80328,45.0576],[-92.74586,45.10743],[-92.76739,45.1856],[-92.75303,45.21309],[-92.76021,45.29127],[-92.69919,45.33336],[-92.70278,45.35827],[-92.64894,45.39865],[-92.64535,45.4416],[-92.72791,45.51462],[-92.72432,45.54125],[-92.77457,45.56874],[-92.81046,45.56101],[-92.88584,45.57905],[-92.88943,45.62458],[-92.8643,45.72252],[-92.78534,45.76461],[-92.71355,45.89175],[-92.64177,45.93213],[-92.55203,45.95188],[-92.52332,45.98453],[-92.47307,45.97336],[-92.43718,46.02147],[-92.35103,46.01545],[-92.3295,46.06614],[-92.2936,46.07473],[-92.2936,46.66319],[-92.21464,46.64944],[-92.17516,46.68638],[-92.20746,46.7027],[-92.15003,46.71473],[-92.13926,46.73964],[-92.08901,46.74909],[-92.01364,46.70614]]]]}},{"type":"Feature","id":"WV","properties":{"abbr":"WV","name":"West Virginia","fips":"54"},"geometry":{"type":"Polygon","coordinates":[[[-82.59533,38.42223],[-82.53072,38.40504],[-82.4051,38.43941],[-82.32255,38.44886],[-82.3046,38.49095],[-82.29383,38.57514],[-82.25076,38.59919],[-82.19333,38.59318],[-82.17179,38.61895],[-82.18256,38.70572],[-82.21846,38.79592],[-82.14308,38.84059],[-82.14308,38.89814],[-82.09283,38.97374],[-82.04976,38.99694],[-82.02822,39.02872],[-81.98156,38.99436],[-81.94208,38.9935],[-81.89901,38.92563],[-81.92772,38.89127],[-81.88824,38.87409],[-81.85594,38.89299],[-81.84517,38.92907],[-81.81287,38.94625],[-81.78056,38.92478],[-81.7662,39.02013],[-81.8021,39.04504],[-81.81287,39.08198],[-81.74467,39.09831],[-81.75544,39.18078],[-81.72672,39.216],[-81.69083,39.22631],[-81.68006,39.27355],[-81.56879,39.26754],[-81.55803,39.33884],[-81.46829,39.40413],[-81.40728,39.38781],[-81.38574,39.34314],[-81.34626,39.34572],[-81.27088,39.38609],[-81.20986,39.39296],[-81.17038,39.43935],[-81.1309,39.44623],[-81.10219,39.48746],[-81.04476,39.53643],[-80.93708,39.61288],[-80.87965,39.62061],[-80.86529,39.69192],[-80.8294,39.71425],[-80.86888,39.7572],[-80.82581,39.79844],[-80.82581,39.84741],[-80.78992,39.86716],[-80.80427,39.91871],[-80.75761,39.90926],[-80.76479,39.95393],[-80.73967,39.97111],[-80.73967,40.07592],[-80.70736,40.10169],[-80.70736,40.15151],[-80.67147,40.19275],[-80.65352,40.24515],[-80.61763,40.26491],[-80.59968,40.32075],[-80.61045,40.40236],[-80.59609,40.46335],[-80.6284,40.53551],[-80.66788,40.57331],[-80.63558,40.61626],[-80.58533,40.61541],[-80.52072,40.6386],[-80.52072,39.72112],[-80.07565,39.72112],[-79.47624,39.72112],[-79.487,39.20569],[-79.45111,39.2117],[-79.33266,39.30018],[-79.28959,39.29933],[-79.2537,39.35688],[-79.14243,39.40843],[-79.09577,39.47286],[-79.05629,39.47114],[-78.95579,39.44021],[-78.91631,39.4866],[-78.77991,39.62233],[-78.73325,39.61374],[-78.77991,39.60171],[-78.73325,39.58625],[-78.72607,39.56392],[-78.65429,39.53471],[-78.59327,39.53557],[-78.56814,39.5201],[-78.46764,39.51667],[-78.41739,39.54931],[-78.44252,39.59141],[-78.39586,39.59055],[-78.43534,39.61804],[-78.38509,39.60859],[-78.35279,39.64037],[-78.28459,39.62061],[-78.18409,39.69535],[-78.09795,39.67817],[-78.03693,39.63608],[-78.00821,39.60171],[-77.94361,39.6189],[-77.88259,39.59914],[-77.83234,39.60257],[-77.83234,39.57079],[-77.88977,39.5579],[-77.8467,39.49863],[-77.7785,39.46341],[-77.78568,39.43506],[-77.75337,39.42475],[-77.73543,39.38781],[-77.75696,39.33369],[-77.72107,39.32166],[-77.75337,39.283],[-77.82875,39.13267],[-78.10871,39.31221],[-78.34561,39.46598],[-78.35996,39.41272],[-78.34202,39.38867],[-78.36355,39.35774],[-78.33843,39.34829],[-78.42098,39.25723],[-78.39945,39.24435],[-78.43893,39.19796],[-78.40304,39.16703],[-78.46046,39.11377],[-78.48559,39.10776],[-78.57173,39.03216],[-78.5502,39.01841],[-78.60045,38.96429],[-78.62557,38.98233],[-78.67941,38.92563],[-78.7153,38.90502],[-78.7153,38.93594],[-78.79786,38.87495],[-78.86964,38.76327],[-78.99527,38.85004],[-79.02757,38.79076],[-79.08859,38.72032],[-79.09218,38.65933],[-79.1209,38.66019],[-79.15679,38.61122],[-79.21063,38.49267],[-79.31113,38.41192],[-79.47624,38.45745],[-79.53725,38.55108],[-79.64852,38.59146],[-79.69877,38.48751],[-79.688,38.43168],[-79.73107,38.38013],[-79.81004,38.30539],[-79.7885,38.2676],[-79.83158,38.24955],[-79.92131,38.17997],[-79.94643,38.13186],[-79.9249,38.10695],[-79.95361,38.08118],[-79.97515,38.02964],[-80.01104,37.98582],[-80.07565,37.94201],[-80.18333,37.85267],[-80.2587,37.75645],[-80.25152,37.72553],[-80.29459,37.69203],[-80.28024,37.6568],[-80.21922,37.6276],[-80.26229,37.59323],[-80.3269,37.56403],[-80.33049,37.53654],[-80.28383,37.5331],[-80.29818,37.50819],[-80.47406,37.42314],[-80.50995,37.48156],[-80.55302,37.47382],[-80.62122,37.43345],[-80.76838,37.37245],[-80.78274,37.39479],[-80.85811,37.42743],[-80.88324,37.38362],[-80.85093,37.34668],[-80.91913,37.30631],[-80.98015,37.30201],[-81.11295,37.27882],[-81.22422,37.23501],[-81.32113,37.29943],[-81.36061,37.33809],[-81.38933,37.32005],[-81.41804,37.2728],[-81.5006,37.2582],[-81.50778,37.23243],[-81.55444,37.20752],[-81.67647,37.2015],[-81.74467,37.24274],[-81.74467,37.26335],[-81.78774,37.28483],[-81.85235,37.28741],[-81.87747,37.33208],[-81.92772,37.35871],[-81.9349,37.43603],[-81.98874,37.45492],[-81.99233,37.48327],[-81.92772,37.51248],[-81.96721,37.53739],[-82.01746,37.53396],[-82.11796,37.55973],[-82.12872,37.59152],[-82.15744,37.59237],[-82.18256,37.62674],[-82.21487,37.62502],[-82.23999,37.6611],[-82.29383,37.67055],[-82.34049,37.78566],[-82.37638,37.80198],[-82.42305,37.85439],[-82.41946,37.8836],[-82.4733,37.89992],[-82.50201,37.93342],[-82.46253,37.98067],[-82.51637,37.99957],[-82.54867,38.06829],[-82.58456,38.10695],[-82.6384,38.13874],[-82.6384,38.17138],[-82.60969,38.17138],[-82.59892,38.21863],[-82.61328,38.23581],[-82.5738,38.26416],[-82.57021,38.31398],[-82.59892,38.34491],[-82.59533,38.42223]]]}},{"type":"Feature","id":"WY","properties":{"abbr":"WY","name":"Wyoming","fips":"56"},"geometry":{"type":"Polygon","coordinates":[[[-104.05931,44.99747],[-104.05572,44.87462],[-104.05572,43.30426],[-104.05213,43.29739],[-104.05213,43.00101],[-104.05213,41.00112],[-104.83101,40.9994],[-104.85613,40.99769],[-105.72474,40.99683],[-106.21648,40.99769],[-106.45337,41.00198],[-107.62707,41.00198],[-108.17982,41.00026],[-109.04843,41.00026],[-109.53657,40.99855],[-110.04984,40.99769],[-110.23648,40.99511],[-110.71386,40.99597],[-111.04767,40.99769],[-111.04767,41.37739],[-111.04408,41.56553],[-111.04767,42.00193],[-111.04767,42.58265],[-111.04408,42.72268],[-111.04408,43.65905],[-111.04767,43.68139],[-111.04767,44.12466],[-111.05125,44.35403],[-111.04767,44.4743],[-111.05484,44.62464],[-111.05843,44.86689],[-111.05484,45.0009],[-110.78565,45.00262],[-110.70668,44.99231],[-110.40159,44.99403],[-110.36211,45.0009],[-110.20059,44.99661],[-110.11086,45.00348],[-109.79859,45.00176],[-109.10227,45.00606],[-109.06279,45.00005],[-108.26955,45.00005],[-107.13533,45.00005],[-107.08508,44.99661],[-106.56823,44.99489],[-105.92933,44.99403],[-105.84678,45.00005],[-105.37299,45.00005],[-104.47208,44.99833],[-104.05931,44.99747]]]}}]}